"iteration","classif.acc","task","imputer","row.id"
1,0.5,4,"imputemean_imputesample",1
2,0.666666666666667,4,"imputemean_imputesample",2
3,0.818181818181818,4,"imputemean_imputesample",3
4,0.363636363636364,4,"imputemean_imputesample",4
5,0.545454545454545,4,"imputemean_imputesample",5
1,0.583333333333333,4,"imputemedian_imputesample",6
2,0.75,4,"imputemedian_imputesample",7
3,0.454545454545455,4,"imputemedian_imputesample",8
4,0.727272727272727,4,"imputemedian_imputesample",9
5,0.636363636363636,4,"imputemedian_imputesample",10
1,0.75,4,"imputehist_imputesample",11
2,0.75,4,"imputehist_imputesample",12
3,0.909090909090909,4,"imputehist_imputesample",13
4,0.727272727272727,4,"imputehist_imputesample",14
5,0.727272727272727,4,"imputehist_imputesample",15
1,0.916666666666667,4,"imputemean_imputemode",16
2,0.75,4,"imputemean_imputemode",17
3,0.818181818181818,4,"imputemean_imputemode",18
4,0.909090909090909,4,"imputemean_imputemode",19
5,0.727272727272727,4,"imputemean_imputemode",20
1,0.666666666666667,4,"imputemedian_imputemode",21
2,0.5,4,"imputemedian_imputemode",22
3,0.727272727272727,4,"imputemedian_imputemode",23
4,0.818181818181818,4,"imputemedian_imputemode",24
5,0.727272727272727,4,"imputemedian_imputemode",25
1,0.583333333333333,4,"imputehist_imputemode",26
2,0.666666666666667,4,"imputehist_imputemode",27
3,0.454545454545455,4,"imputehist_imputemode",28
4,0.636363636363636,4,"imputehist_imputemode",29
5,0.818181818181818,4,"imputehist_imputemode",30
1,0.666666666666667,4,"imputemean_imputeoor",31
2,0.583333333333333,4,"imputemean_imputeoor",32
3,0.818181818181818,4,"imputemean_imputeoor",33
4,0.454545454545455,4,"imputemean_imputeoor",34
5,0.454545454545455,4,"imputemean_imputeoor",35
1,0.583333333333333,4,"imputemedian_imputeoor",36
2,0.583333333333333,4,"imputemedian_imputeoor",37
3,0.454545454545455,4,"imputemedian_imputeoor",38
4,0.636363636363636,4,"imputemedian_imputeoor",39
5,0.818181818181818,4,"imputemedian_imputeoor",40
1,0.5,4,"imputehist_imputeoor",41
2,0.916666666666667,4,"imputehist_imputeoor",42
3,0.818181818181818,4,"imputehist_imputeoor",43
4,0.545454545454545,4,"imputehist_imputeoor",44
5,0.636363636363636,4,"imputehist_imputeoor",45
1,0.810810810810811,25,"imputemean_imputesample",46
2,0.689189189189189,25,"imputemean_imputesample",47
3,0.675675675675676,25,"imputemean_imputesample",48
4,0.684931506849315,25,"imputemean_imputesample",49
5,0.73972602739726,25,"imputemean_imputesample",50
1,0.716216216216216,25,"imputemedian_imputesample",51
2,0.675675675675676,25,"imputemedian_imputesample",52
3,0.72972972972973,25,"imputemedian_imputesample",53
4,0.767123287671233,25,"imputemedian_imputesample",54
5,0.726027397260274,25,"imputemedian_imputesample",55
1,0.662162162162162,25,"imputehist_imputesample",56
2,0.716216216216216,25,"imputehist_imputesample",57
3,0.675675675675676,25,"imputehist_imputesample",58
4,0.753424657534247,25,"imputehist_imputesample",59
5,0.657534246575342,25,"imputehist_imputesample",60
1,0.675675675675676,25,"imputemean_imputemode",61
2,0.77027027027027,25,"imputemean_imputemode",62
3,0.702702702702703,25,"imputemean_imputemode",63
4,0.726027397260274,25,"imputemean_imputemode",64
5,0.835616438356164,25,"imputemean_imputemode",65
1,0.797297297297297,25,"imputemedian_imputemode",66
2,0.783783783783784,25,"imputemedian_imputemode",67
3,0.756756756756757,25,"imputemedian_imputemode",68
4,0.794520547945205,25,"imputemedian_imputemode",69
5,0.780821917808219,25,"imputemedian_imputemode",70
1,0.635135135135135,25,"imputehist_imputemode",71
2,0.783783783783784,25,"imputehist_imputemode",72
3,0.851351351351351,25,"imputehist_imputemode",73
4,0.73972602739726,25,"imputehist_imputemode",74
5,0.767123287671233,25,"imputehist_imputemode",75
1,0.878378378378378,25,"imputemedian_imputeoor",76
2,0.797297297297297,25,"imputemedian_imputeoor",77
3,0.824324324324324,25,"imputemedian_imputeoor",78
4,0.931506849315068,25,"imputemedian_imputeoor",79
5,0.821917808219178,25,"imputemedian_imputeoor",80
1,0.864406779661017,50,"imputemean_imputesample",81
2,0.779661016949153,50,"imputemean_imputesample",82
3,0.813559322033898,50,"imputemean_imputesample",83
4,0.830508474576271,50,"imputemean_imputesample",84
5,0.827586206896552,50,"imputemean_imputesample",85
1,0.915254237288136,50,"imputemedian_imputesample",86
2,0.796610169491525,50,"imputemedian_imputesample",87
3,0.864406779661017,50,"imputemedian_imputesample",88
4,0.830508474576271,50,"imputemedian_imputesample",89
5,0.724137931034483,50,"imputemedian_imputesample",90
1,0.813559322033898,50,"imputehist_imputesample",91
2,0.76271186440678,50,"imputehist_imputesample",92
3,0.745762711864407,50,"imputehist_imputesample",93
4,0.864406779661017,50,"imputehist_imputesample",94
5,0.879310344827586,50,"imputehist_imputesample",95
1,0.864406779661017,50,"imputemean_imputemode",96
2,0.796610169491525,50,"imputemean_imputemode",97
3,0.813559322033898,50,"imputemean_imputemode",98
4,0.915254237288136,50,"imputemean_imputemode",99
5,0.810344827586207,50,"imputemean_imputemode",100
1,0.830508474576271,50,"imputemedian_imputemode",101
2,0.847457627118644,50,"imputemedian_imputemode",102
3,0.847457627118644,50,"imputemedian_imputemode",103
4,0.830508474576271,50,"imputemedian_imputemode",104
5,0.827586206896552,50,"imputemedian_imputemode",105
1,0.796610169491525,50,"imputehist_imputemode",106
2,0.847457627118644,50,"imputehist_imputemode",107
3,0.864406779661017,50,"imputehist_imputemode",108
4,0.813559322033898,50,"imputehist_imputemode",109
5,0.913793103448276,50,"imputehist_imputemode",110
1,1,51,"imputemean_imputesample",111
2,0.5,51,"imputemean_imputesample",112
3,0.5,51,"imputemean_imputesample",113
4,1,51,"imputemean_imputesample",114
5,1,51,"imputemean_imputesample",115
1,1,51,"imputemedian_imputesample",116
2,0.5,51,"imputemedian_imputesample",117
3,0.5,51,"imputemedian_imputesample",118
4,1,51,"imputemedian_imputesample",119
5,0,51,"imputemedian_imputesample",120
1,1,51,"imputehist_imputesample",121
2,0.5,51,"imputehist_imputesample",122
3,0.5,51,"imputehist_imputesample",123
4,1,51,"imputehist_imputesample",124
5,1,51,"imputehist_imputesample",125
1,1,51,"imputemean_imputemode",126
2,0,51,"imputemean_imputemode",127
3,0.5,51,"imputemean_imputemode",128
4,0,51,"imputemean_imputemode",129
5,1,51,"imputemean_imputemode",130
1,1,51,"imputemedian_imputemode",131
2,0.5,51,"imputemedian_imputemode",132
3,0.5,51,"imputemedian_imputemode",133
4,1,51,"imputemedian_imputemode",134
5,1,51,"imputemedian_imputemode",135
1,0.5,51,"imputehist_imputemode",136
2,1,51,"imputehist_imputemode",137
3,1,51,"imputehist_imputemode",138
4,0.5,51,"imputehist_imputemode",139
5,0,51,"imputehist_imputemode",140
1,0.5,51,"imputemean_imputeoor",141
2,0.5,51,"imputemean_imputeoor",142
3,0.5,51,"imputemean_imputeoor",143
4,1,51,"imputemean_imputeoor",144
5,0.5,51,"imputemean_imputeoor",145
1,0.5,51,"imputemedian_imputeoor",146
2,0.5,51,"imputemedian_imputeoor",147
3,1,51,"imputemedian_imputeoor",148
4,0,51,"imputemedian_imputeoor",149
5,0,51,"imputemedian_imputeoor",150
1,0.5,51,"imputehist_imputeoor",151
2,0,51,"imputehist_imputeoor",152
3,0.5,51,"imputehist_imputeoor",153
4,1,51,"imputehist_imputeoor",154
5,1,51,"imputehist_imputeoor",155
1,0.806451612903226,54,"imputemean_imputesample",156
2,0.806451612903226,54,"imputemean_imputesample",157
3,0.645161290322581,54,"imputemean_imputesample",158
4,0.67741935483871,54,"imputemean_imputesample",159
5,0.516129032258065,54,"imputemean_imputesample",160
1,0.903225806451613,54,"imputemedian_imputesample",161
2,0.580645161290323,54,"imputemedian_imputesample",162
3,0.645161290322581,54,"imputemedian_imputesample",163
4,0.709677419354839,54,"imputemedian_imputesample",164
5,0.838709677419355,54,"imputemedian_imputesample",165
1,0.935483870967742,54,"imputehist_imputesample",166
2,0.612903225806452,54,"imputehist_imputesample",167
3,0.870967741935484,54,"imputehist_imputesample",168
4,0.129032258064516,54,"imputehist_imputesample",169
5,0.870967741935484,54,"imputehist_imputesample",170
1,1,54,"imputemean_imputemode",171
2,0.483870967741935,54,"imputemean_imputemode",172
3,0.935483870967742,54,"imputemean_imputemode",173
4,0.709677419354839,54,"imputemean_imputemode",174
5,0.741935483870968,54,"imputemean_imputemode",175
1,0.451612903225806,54,"imputemedian_imputemode",176
2,0.258064516129032,54,"imputemedian_imputemode",177
3,0.838709677419355,54,"imputemedian_imputemode",178
4,0.451612903225806,54,"imputemedian_imputemode",179
5,0.806451612903226,54,"imputemedian_imputemode",180
1,0.870967741935484,54,"imputehist_imputemode",181
2,0.387096774193548,54,"imputehist_imputemode",182
3,0.870967741935484,54,"imputehist_imputemode",183
4,0.870967741935484,54,"imputehist_imputemode",184
5,0.870967741935484,54,"imputehist_imputemode",185
1,0.96551724137931,55,"imputemean_imputesample",186
2,0.942528735632184,55,"imputemean_imputesample",187
3,0.954022988505747,55,"imputemean_imputesample",188
4,0.977011494252874,55,"imputemean_imputesample",189
5,0.954022988505747,55,"imputemean_imputesample",190
1,0.942528735632184,55,"imputemedian_imputesample",191
2,0.977011494252874,55,"imputemedian_imputesample",192
3,0.977011494252874,55,"imputemedian_imputesample",193
4,0.942528735632184,55,"imputemedian_imputesample",194
5,0.954022988505747,55,"imputemedian_imputesample",195
1,0.954022988505747,55,"imputehist_imputesample",196
2,0.931034482758621,55,"imputehist_imputesample",197
3,0.96551724137931,55,"imputehist_imputesample",198
4,0.977011494252874,55,"imputehist_imputesample",199
5,0.942528735632184,55,"imputehist_imputesample",200
1,0.954022988505747,55,"imputemean_imputemode",201
2,0.954022988505747,55,"imputemean_imputemode",202
3,0.988505747126437,55,"imputemean_imputemode",203
4,0.954022988505747,55,"imputemean_imputemode",204
5,0.96551724137931,55,"imputemean_imputemode",205
1,0.988505747126437,55,"imputemedian_imputemode",206
2,0.977011494252874,55,"imputemedian_imputemode",207
3,0.96551724137931,55,"imputemedian_imputemode",208
4,0.942528735632184,55,"imputemedian_imputemode",209
5,0.931034482758621,55,"imputemedian_imputemode",210
1,0.954022988505747,55,"imputehist_imputemode",211
2,0.954022988505747,55,"imputehist_imputemode",212
3,0.942528735632184,55,"imputehist_imputemode",213
4,0.96551724137931,55,"imputehist_imputemode",214
5,0.988505747126437,55,"imputehist_imputemode",215
1,0.942528735632184,55,"imputemean_imputeoor",216
2,0.96551724137931,55,"imputemean_imputeoor",217
3,0.977011494252874,55,"imputemean_imputeoor",218
4,0.942528735632184,55,"imputemean_imputeoor",219
5,0.96551724137931,55,"imputemean_imputeoor",220
1,0.96551724137931,55,"imputemedian_imputeoor",221
2,0.954022988505747,55,"imputemedian_imputeoor",222
3,0.988505747126437,55,"imputemedian_imputeoor",223
4,0.954022988505747,55,"imputemedian_imputeoor",224
5,0.931034482758621,55,"imputemedian_imputeoor",225
1,0.96551724137931,55,"imputehist_imputeoor",226
2,0.96551724137931,55,"imputehist_imputeoor",227
3,0.954022988505747,55,"imputehist_imputeoor",228
4,0.954022988505747,55,"imputehist_imputeoor",229
5,0.908045977011494,55,"imputehist_imputeoor",230
1,NA,2112,"imputemean_imputesample",231
2,NA,2112,"imputemean_imputesample",232
3,NA,2112,"imputemean_imputesample",233
4,NA,2112,"imputemean_imputesample",234
5,NA,2112,"imputemean_imputesample",235
1,NA,2112,"imputemedian_imputesample",236
2,NA,2112,"imputemedian_imputesample",237
3,NA,2112,"imputemedian_imputesample",238
4,NA,2112,"imputemedian_imputesample",239
5,NA,2112,"imputemedian_imputesample",240
1,NA,2112,"imputehist_imputesample",241
2,NA,2112,"imputehist_imputesample",242
3,NA,2112,"imputehist_imputesample",243
4,NA,2112,"imputehist_imputesample",244
5,NA,2112,"imputehist_imputesample",245
1,NA,2112,"imputemean_imputemode",246
2,NA,2112,"imputemean_imputemode",247
3,NA,2112,"imputemean_imputemode",248
4,NA,2112,"imputemean_imputemode",249
5,NA,2112,"imputemean_imputemode",250
1,NA,2112,"imputemedian_imputemode",251
2,NA,2112,"imputemedian_imputemode",252
3,NA,2112,"imputemedian_imputemode",253
4,NA,2112,"imputemedian_imputemode",254
5,NA,2112,"imputemedian_imputemode",255
1,NA,2112,"imputehist_imputemode",256
2,NA,2112,"imputehist_imputemode",257
3,NA,2112,"imputehist_imputemode",258
4,NA,2112,"imputehist_imputemode",259
5,NA,2112,"imputehist_imputemode",260
1,NA,2112,"imputemean_imputeoor",261
2,NA,2112,"imputemean_imputeoor",262
3,NA,2112,"imputemean_imputeoor",263
4,NA,2112,"imputemean_imputeoor",264
5,NA,2112,"imputemean_imputeoor",265
1,NA,2112,"imputemedian_imputeoor",266
2,NA,2112,"imputemedian_imputeoor",267
3,NA,2112,"imputemedian_imputeoor",268
4,NA,2112,"imputemedian_imputeoor",269
5,NA,2112,"imputemedian_imputeoor",270
1,NA,2112,"imputehist_imputeoor",271
2,NA,2112,"imputehist_imputeoor",272
3,NA,2112,"imputehist_imputeoor",273
4,NA,2112,"imputehist_imputeoor",274
5,NA,2112,"imputehist_imputeoor",275
1,0.935099337748344,3021,"imputemean_imputesample",276
2,0.940397350993378,3021,"imputemean_imputesample",277
3,0.929708222811671,3021,"imputemean_imputesample",278
4,0.938992042440318,3021,"imputemean_imputesample",279
5,0.948275862068966,3021,"imputemean_imputesample",280
1,0.940397350993378,3021,"imputemedian_imputesample",281
2,0.945695364238411,3021,"imputemedian_imputesample",282
3,0.936339522546419,3021,"imputemedian_imputesample",283
4,0.927055702917772,3021,"imputemedian_imputesample",284
5,0.944297082228117,3021,"imputemedian_imputesample",285
1,0.935099337748344,3021,"imputehist_imputesample",286
2,0.929801324503311,3021,"imputehist_imputesample",287
3,0.948275862068966,3021,"imputehist_imputesample",288
4,0.938992042440318,3021,"imputehist_imputesample",289
5,0.940318302387268,3021,"imputehist_imputesample",290
1,0.927152317880795,3021,"imputemean_imputemode",291
2,0.936423841059603,3021,"imputemean_imputemode",292
3,0.956233421750663,3021,"imputemean_imputemode",293
4,0.927055702917772,3021,"imputemean_imputemode",294
5,0.946949602122016,3021,"imputemean_imputemode",295
1,0.943046357615894,3021,"imputemedian_imputemode",296
2,0.939072847682119,3021,"imputemedian_imputemode",297
3,0.945623342175066,3021,"imputemedian_imputemode",298
4,0.929708222811671,3021,"imputemedian_imputemode",299
5,0.935013262599469,3021,"imputemedian_imputemode",300
1,0.928476821192053,3021,"imputehist_imputemode",301
2,0.944370860927152,3021,"imputehist_imputemode",302
3,0.942970822281167,3021,"imputehist_imputemode",303
4,0.937665782493369,3021,"imputehist_imputemode",304
5,0.938992042440318,3021,"imputehist_imputemode",305
1,0.932450331125828,3021,"imputemean_imputeoor",306
2,0.940397350993378,3021,"imputemean_imputeoor",307
3,0.93236074270557,3021,"imputemean_imputeoor",308
4,0.948275862068966,3021,"imputemean_imputeoor",309
5,0.940318302387268,3021,"imputemean_imputeoor",310
1,0.920529801324503,3021,"imputemedian_imputeoor",311
2,0.950993377483444,3021,"imputemedian_imputeoor",312
3,0.946949602122016,3021,"imputemedian_imputeoor",313
4,0.937665782493369,3021,"imputemedian_imputeoor",314
5,0.937665782493369,3021,"imputemedian_imputeoor",315
1,0.93112582781457,3021,"imputehist_imputeoor",316
2,0.949668874172185,3021,"imputehist_imputeoor",317
3,0.938992042440318,3021,"imputehist_imputeoor",318
4,0.93236074270557,3021,"imputehist_imputeoor",319
5,0.941644562334218,3021,"imputehist_imputeoor",320
1,0.632352941176471,3557,"imputemean_imputesample",321
2,0.588235294117647,3557,"imputemean_imputesample",322
3,0.661764705882353,3557,"imputemean_imputesample",323
4,0.558823529411765,3557,"imputemean_imputesample",324
5,0.529411764705882,3557,"imputemean_imputesample",325
1,0.602941176470588,3557,"imputemedian_imputesample",326
2,0.529411764705882,3557,"imputemedian_imputesample",327
3,0.573529411764706,3557,"imputemedian_imputesample",328
4,0.602941176470588,3557,"imputemedian_imputesample",329
5,0.691176470588235,3557,"imputemedian_imputesample",330
1,0.602941176470588,3557,"imputehist_imputesample",331
2,0.632352941176471,3557,"imputehist_imputesample",332
3,0.5,3557,"imputehist_imputesample",333
4,0.617647058823529,3557,"imputehist_imputesample",334
5,0.647058823529412,3557,"imputehist_imputesample",335
1,0.676470588235294,3557,"imputemean_imputemode",336
2,0.617647058823529,3557,"imputemean_imputemode",337
3,0.632352941176471,3557,"imputemean_imputemode",338
4,0.602941176470588,3557,"imputemean_imputemode",339
5,0.632352941176471,3557,"imputemean_imputemode",340
1,0.588235294117647,3557,"imputemedian_imputemode",341
2,0.602941176470588,3557,"imputemedian_imputemode",342
3,0.573529411764706,3557,"imputemedian_imputemode",343
4,0.661764705882353,3557,"imputemedian_imputemode",344
5,0.588235294117647,3557,"imputemedian_imputemode",345
1,0.558823529411765,3557,"imputehist_imputemode",346
2,0.558823529411765,3557,"imputehist_imputemode",347
3,0.632352941176471,3557,"imputehist_imputemode",348
4,0.588235294117647,3557,"imputehist_imputemode",349
5,0.720588235294118,3557,"imputehist_imputemode",350
1,0.588235294117647,3557,"imputemean_imputeoor",351
2,0.544117647058823,3557,"imputemean_imputeoor",352
3,0.647058823529412,3557,"imputemean_imputeoor",353
4,0.617647058823529,3557,"imputemean_imputeoor",354
5,0.676470588235294,3557,"imputemean_imputeoor",355
1,0.647058823529412,3557,"imputemedian_imputeoor",356
2,0.617647058823529,3557,"imputemedian_imputeoor",357
3,0.632352941176471,3557,"imputemedian_imputeoor",358
4,0.632352941176471,3557,"imputemedian_imputeoor",359
5,0.558823529411765,3557,"imputemedian_imputeoor",360
1,0.602941176470588,3557,"imputehist_imputeoor",361
2,0.588235294117647,3557,"imputehist_imputeoor",362
3,0.470588235294118,3557,"imputehist_imputeoor",363
4,0.602941176470588,3557,"imputehist_imputeoor",364
5,0.691176470588235,3557,"imputehist_imputeoor",365
1,0.666666666666667,3561,"imputemean_imputesample",366
2,0.651851851851852,3561,"imputemean_imputesample",367
3,0.649253731343284,3561,"imputemean_imputesample",368
4,0.67910447761194,3561,"imputemean_imputesample",369
5,0.701492537313433,3561,"imputemean_imputesample",370
1,0.703703703703704,3561,"imputemedian_imputesample",371
2,0.733333333333333,3561,"imputemedian_imputesample",372
3,0.597014925373134,3561,"imputemedian_imputesample",373
4,0.746268656716418,3561,"imputemedian_imputesample",374
5,0.664179104477612,3561,"imputemedian_imputesample",375
1,0.703703703703704,3561,"imputehist_imputesample",376
2,0.659259259259259,3561,"imputehist_imputesample",377
3,0.686567164179104,3561,"imputehist_imputesample",378
4,0.626865671641791,3561,"imputehist_imputesample",379
5,0.716417910447761,3561,"imputehist_imputesample",380
1,0.711111111111111,3561,"imputemean_imputemode",381
2,0.637037037037037,3561,"imputemean_imputemode",382
3,0.738805970149254,3561,"imputemean_imputemode",383
4,0.73134328358209,3561,"imputemean_imputemode",384
5,0.664179104477612,3561,"imputemean_imputemode",385
1,0.681481481481481,3561,"imputemedian_imputemode",386
2,0.77037037037037,3561,"imputemedian_imputemode",387
3,0.708955223880597,3561,"imputemedian_imputemode",388
4,0.716417910447761,3561,"imputemedian_imputemode",389
5,0.574626865671642,3561,"imputemedian_imputemode",390
1,0.777777777777778,3561,"imputehist_imputemode",391
2,0.688888888888889,3561,"imputehist_imputemode",392
3,0.67910447761194,3561,"imputehist_imputemode",393
4,0.746268656716418,3561,"imputehist_imputemode",394
5,0.686567164179104,3561,"imputehist_imputemode",395
1,0.696296296296296,3561,"imputemean_imputeoor",396
2,0.681481481481481,3561,"imputemean_imputeoor",397
3,0.753731343283582,3561,"imputemean_imputeoor",398
4,0.701492537313433,3561,"imputemean_imputeoor",399
5,0.641791044776119,3561,"imputemean_imputeoor",400
1,0.748148148148148,3561,"imputemedian_imputeoor",401
2,0.644444444444444,3561,"imputemedian_imputeoor",402
3,0.611940298507463,3561,"imputemedian_imputeoor",403
4,0.694029850746269,3561,"imputemedian_imputeoor",404
5,0.694029850746269,3561,"imputemedian_imputeoor",405
1,0.681481481481481,3561,"imputehist_imputeoor",406
2,0.666666666666667,3561,"imputehist_imputeoor",407
3,0.708955223880597,3561,"imputehist_imputeoor",408
4,0.634328358208955,3561,"imputehist_imputeoor",409
5,0.753731343283582,3561,"imputehist_imputeoor",410
1,0.857142857142857,3626,"imputemean_imputesample",411
2,1,3626,"imputemean_imputesample",412
3,1,3626,"imputemean_imputesample",413
4,1,3626,"imputemean_imputesample",414
5,1,3626,"imputemean_imputesample",415
1,0.857142857142857,3626,"imputemedian_imputesample",416
2,0.833333333333333,3626,"imputemedian_imputesample",417
3,1,3626,"imputemedian_imputesample",418
4,0.833333333333333,3626,"imputemedian_imputesample",419
5,1,3626,"imputemedian_imputesample",420
1,1,3626,"imputehist_imputesample",421
2,0.666666666666667,3626,"imputehist_imputesample",422
3,1,3626,"imputehist_imputesample",423
4,1,3626,"imputehist_imputesample",424
5,0.833333333333333,3626,"imputehist_imputesample",425
1,0.714285714285714,3626,"imputemean_imputemode",426
2,1,3626,"imputemean_imputemode",427
3,1,3626,"imputemean_imputemode",428
4,0.833333333333333,3626,"imputemean_imputemode",429
5,1,3626,"imputemean_imputemode",430
1,1,3626,"imputemedian_imputemode",431
2,1,3626,"imputemedian_imputemode",432
3,1,3626,"imputemedian_imputemode",433
4,1,3626,"imputemedian_imputemode",434
5,0.666666666666667,3626,"imputemedian_imputemode",435
1,0.857142857142857,3626,"imputehist_imputemode",436
2,1,3626,"imputehist_imputemode",437
3,0.833333333333333,3626,"imputehist_imputemode",438
4,1,3626,"imputehist_imputemode",439
5,0.833333333333333,3626,"imputehist_imputemode",440
1,1,3626,"imputemean_imputeoor",441
2,1,3626,"imputemean_imputeoor",442
3,1,3626,"imputemean_imputeoor",443
4,0.833333333333333,3626,"imputemean_imputeoor",444
5,1,3626,"imputemean_imputeoor",445
1,0.857142857142857,3626,"imputemedian_imputeoor",446
2,1,3626,"imputemedian_imputeoor",447
3,1,3626,"imputemedian_imputeoor",448
4,1,3626,"imputemedian_imputeoor",449
5,1,3626,"imputemedian_imputeoor",450
1,1,3626,"imputehist_imputeoor",451
2,0.666666666666667,3626,"imputehist_imputeoor",452
3,0.833333333333333,3626,"imputehist_imputeoor",453
4,1,3626,"imputehist_imputeoor",454
5,1,3626,"imputehist_imputeoor",455
1,0.738095238095238,3675,"imputemean_imputesample",456
2,0.654761904761905,3675,"imputemean_imputesample",457
3,0.571428571428571,3675,"imputemean_imputesample",458
4,0.493975903614458,3675,"imputemean_imputesample",459
5,0.421686746987952,3675,"imputemean_imputesample",460
1,0.666666666666667,3675,"imputemedian_imputesample",461
2,0.511904761904762,3675,"imputemedian_imputesample",462
3,0.726190476190476,3675,"imputemedian_imputesample",463
4,0.63855421686747,3675,"imputemedian_imputesample",464
5,0.530120481927711,3675,"imputemedian_imputesample",465
1,0.666666666666667,3675,"imputehist_imputesample",466
2,0.55952380952381,3675,"imputehist_imputesample",467
3,0.75,3675,"imputehist_imputesample",468
4,0.518072289156627,3675,"imputehist_imputesample",469
5,0.530120481927711,3675,"imputehist_imputesample",470
1,0.738095238095238,3675,"imputemean_imputemode",471
2,0.583333333333333,3675,"imputemean_imputemode",472
3,0.488095238095238,3675,"imputemean_imputemode",473
4,0.469879518072289,3675,"imputemean_imputemode",474
5,0.650602409638554,3675,"imputemean_imputemode",475
1,0.5,3675,"imputemedian_imputemode",476
2,0.69047619047619,3675,"imputemedian_imputemode",477
3,0.535714285714286,3675,"imputemedian_imputemode",478
4,0.771084337349398,3675,"imputemedian_imputemode",479
5,0.469879518072289,3675,"imputemedian_imputemode",480
1,0.416666666666667,3675,"imputehist_imputemode",481
2,0.726190476190476,3675,"imputehist_imputemode",482
3,0.476190476190476,3675,"imputehist_imputemode",483
4,0.674698795180723,3675,"imputehist_imputemode",484
5,0.457831325301205,3675,"imputehist_imputemode",485
1,0.761904761904762,3675,"imputemean_imputeoor",486
2,0.547619047619048,3675,"imputemean_imputeoor",487
3,0.488095238095238,3675,"imputemean_imputeoor",488
4,0.530120481927711,3675,"imputemean_imputeoor",489
5,0.746987951807229,3675,"imputemean_imputeoor",490
1,0.511904761904762,3675,"imputemedian_imputeoor",491
2,0.369047619047619,3675,"imputemedian_imputeoor",492
3,0.416666666666667,3675,"imputemedian_imputeoor",493
4,0.469879518072289,3675,"imputemedian_imputeoor",494
5,0.55421686746988,3675,"imputemedian_imputeoor",495
1,0.511904761904762,3675,"imputehist_imputeoor",496
2,0.571428571428571,3675,"imputehist_imputeoor",497
3,0.369047619047619,3675,"imputehist_imputeoor",498
4,0.662650602409639,3675,"imputehist_imputeoor",499
5,0.734939759036145,3675,"imputehist_imputeoor",500
1,0.859872611464968,3704,"imputemean_imputesample",501
2,0.859872611464968,3704,"imputemean_imputesample",502
3,0.884615384615385,3704,"imputemean_imputesample",503
4,0.833333333333333,3704,"imputemean_imputesample",504
5,0.878205128205128,3704,"imputemean_imputesample",505
1,0.872611464968153,3704,"imputemedian_imputesample",506
2,0.866242038216561,3704,"imputemedian_imputesample",507
3,0.865384615384615,3704,"imputemedian_imputesample",508
4,0.865384615384615,3704,"imputemedian_imputesample",509
5,0.858974358974359,3704,"imputemedian_imputesample",510
1,0.878980891719745,3704,"imputehist_imputesample",511
2,0.821656050955414,3704,"imputehist_imputesample",512
3,0.91025641025641,3704,"imputehist_imputesample",513
4,0.878205128205128,3704,"imputehist_imputesample",514
5,0.871794871794872,3704,"imputehist_imputesample",515
1,0.847133757961783,3704,"imputemean_imputemode",516
2,0.859872611464968,3704,"imputemean_imputemode",517
3,0.871794871794872,3704,"imputemean_imputemode",518
4,0.897435897435897,3704,"imputemean_imputemode",519
5,0.865384615384615,3704,"imputemean_imputemode",520
1,0.872611464968153,3704,"imputemedian_imputemode",521
2,0.853503184713376,3704,"imputemedian_imputemode",522
3,0.878205128205128,3704,"imputemedian_imputemode",523
4,0.852564102564103,3704,"imputemedian_imputemode",524
5,0.852564102564103,3704,"imputemedian_imputemode",525
1,0.866242038216561,3704,"imputehist_imputemode",526
2,0.885350318471338,3704,"imputehist_imputemode",527
3,0.852564102564103,3704,"imputehist_imputemode",528
4,0.814102564102564,3704,"imputehist_imputemode",529
5,0.871794871794872,3704,"imputehist_imputemode",530
1,0.898089171974522,3704,"imputemean_imputeoor",531
2,0.859872611464968,3704,"imputemean_imputeoor",532
3,0.891025641025641,3704,"imputemean_imputeoor",533
4,0.871794871794872,3704,"imputemean_imputeoor",534
5,0.846153846153846,3704,"imputemean_imputeoor",535
1,0.872611464968153,3704,"imputemedian_imputeoor",536
2,0.885350318471338,3704,"imputemedian_imputeoor",537
3,0.846153846153846,3704,"imputemedian_imputeoor",538
4,0.884615384615385,3704,"imputemedian_imputeoor",539
5,0.846153846153846,3704,"imputemedian_imputeoor",540
1,0.834394904458599,3704,"imputehist_imputeoor",541
2,0.866242038216561,3704,"imputehist_imputeoor",542
3,0.846153846153846,3704,"imputehist_imputeoor",543
4,0.858974358974359,3704,"imputehist_imputeoor",544
5,0.871794871794872,3704,"imputehist_imputeoor",545
1,0.90625,3719,"imputemean_imputesample",546
2,1,3719,"imputemean_imputesample",547
3,1,3719,"imputemean_imputesample",548
4,0.967741935483871,3719,"imputemean_imputesample",549
5,0.967741935483871,3719,"imputemean_imputesample",550
1,0.96875,3719,"imputemedian_imputesample",551
2,0.875,3719,"imputemedian_imputesample",552
3,1,3719,"imputemedian_imputesample",553
4,0.967741935483871,3719,"imputemedian_imputesample",554
5,1,3719,"imputemedian_imputesample",555
1,0.96875,3719,"imputehist_imputesample",556
2,0.96875,3719,"imputehist_imputesample",557
3,0.96875,3719,"imputehist_imputesample",558
4,1,3719,"imputehist_imputesample",559
5,1,3719,"imputehist_imputesample",560
1,0.9375,3719,"imputemean_imputemode",561
2,0.96875,3719,"imputemean_imputemode",562
3,1,3719,"imputemean_imputemode",563
4,0.903225806451613,3719,"imputemean_imputemode",564
5,0.967741935483871,3719,"imputemean_imputemode",565
1,0.96875,3719,"imputemedian_imputemode",566
2,0.96875,3719,"imputemedian_imputemode",567
3,1,3719,"imputemedian_imputemode",568
4,0.967741935483871,3719,"imputemedian_imputemode",569
5,1,3719,"imputemedian_imputemode",570
1,0.96875,3719,"imputehist_imputemode",571
2,1,3719,"imputehist_imputemode",572
3,0.96875,3719,"imputehist_imputemode",573
4,1,3719,"imputehist_imputemode",574
5,0.967741935483871,3719,"imputehist_imputemode",575
1,1,3719,"imputemean_imputeoor",576
2,0.96875,3719,"imputemean_imputeoor",577
3,0.96875,3719,"imputemean_imputeoor",578
4,0.967741935483871,3719,"imputemean_imputeoor",579
5,0.935483870967742,3719,"imputemean_imputeoor",580
1,0.90625,3719,"imputemedian_imputeoor",581
2,1,3719,"imputemedian_imputeoor",582
3,1,3719,"imputemedian_imputeoor",583
4,0.967741935483871,3719,"imputemedian_imputeoor",584
5,1,3719,"imputemedian_imputeoor",585
1,1,3719,"imputehist_imputeoor",586
2,1,3719,"imputehist_imputeoor",587
3,1,3719,"imputehist_imputeoor",588
4,0.967741935483871,3719,"imputehist_imputeoor",589
5,0.903225806451613,3719,"imputehist_imputeoor",590
1,0.847457627118644,3722,"imputemean_imputesample",591
2,0.864406779661017,3722,"imputemean_imputesample",592
3,0.88135593220339,3722,"imputemean_imputesample",593
4,0.76271186440678,3722,"imputemean_imputesample",594
5,0.862068965517241,3722,"imputemean_imputesample",595
1,0.830508474576271,3722,"imputemedian_imputesample",596
2,0.830508474576271,3722,"imputemedian_imputesample",597
3,0.88135593220339,3722,"imputemedian_imputesample",598
4,0.864406779661017,3722,"imputemedian_imputesample",599
5,0.810344827586207,3722,"imputemedian_imputesample",600
1,0.847457627118644,3722,"imputehist_imputesample",601
2,0.830508474576271,3722,"imputehist_imputesample",602
3,0.796610169491525,3722,"imputehist_imputesample",603
4,0.847457627118644,3722,"imputehist_imputesample",604
5,0.810344827586207,3722,"imputehist_imputesample",605
1,0.847457627118644,3722,"imputemean_imputemode",606
2,0.864406779661017,3722,"imputemean_imputemode",607
3,0.813559322033898,3722,"imputemean_imputemode",608
4,0.898305084745763,3722,"imputemean_imputemode",609
5,0.844827586206897,3722,"imputemean_imputemode",610
1,0.830508474576271,3722,"imputemedian_imputemode",611
2,0.830508474576271,3722,"imputemedian_imputemode",612
3,0.949152542372881,3722,"imputemedian_imputemode",613
4,0.796610169491525,3722,"imputemedian_imputemode",614
5,0.827586206896552,3722,"imputemedian_imputemode",615
1,0.898305084745763,3722,"imputehist_imputemode",616
2,0.796610169491525,3722,"imputehist_imputemode",617
3,0.796610169491525,3722,"imputehist_imputemode",618
4,0.864406779661017,3722,"imputehist_imputemode",619
5,0.827586206896552,3722,"imputehist_imputemode",620
1,0.636363636363636,3761,"imputemean_imputesample",621
2,1,3761,"imputemean_imputesample",622
3,0.818181818181818,3761,"imputemean_imputesample",623
4,0.909090909090909,3761,"imputemean_imputesample",624
5,0.8,3761,"imputemean_imputesample",625
1,0.545454545454545,3761,"imputemedian_imputesample",626
2,0.818181818181818,3761,"imputemedian_imputesample",627
3,0.818181818181818,3761,"imputemedian_imputesample",628
4,1,3761,"imputemedian_imputesample",629
5,0.8,3761,"imputemedian_imputesample",630
1,0.818181818181818,3761,"imputehist_imputesample",631
2,0.727272727272727,3761,"imputehist_imputesample",632
3,0.727272727272727,3761,"imputehist_imputesample",633
4,0.909090909090909,3761,"imputehist_imputesample",634
5,0.8,3761,"imputehist_imputesample",635
1,0.818181818181818,3761,"imputemean_imputemode",636
2,0.636363636363636,3761,"imputemean_imputemode",637
3,0.636363636363636,3761,"imputemean_imputemode",638
4,1,3761,"imputemean_imputemode",639
5,0.9,3761,"imputemean_imputemode",640
1,0.727272727272727,3761,"imputemedian_imputemode",641
2,0.909090909090909,3761,"imputemedian_imputemode",642
3,0.909090909090909,3761,"imputemedian_imputemode",643
4,0.909090909090909,3761,"imputemedian_imputemode",644
5,0.8,3761,"imputemedian_imputemode",645
1,0.818181818181818,3761,"imputehist_imputemode",646
2,0.818181818181818,3761,"imputehist_imputemode",647
3,0.818181818181818,3761,"imputehist_imputemode",648
4,0.727272727272727,3761,"imputehist_imputemode",649
5,0.9,3761,"imputehist_imputemode",650
1,0.545454545454545,3761,"imputemean_imputeoor",651
2,0.909090909090909,3761,"imputemean_imputeoor",652
3,1,3761,"imputemean_imputeoor",653
4,0.909090909090909,3761,"imputemean_imputeoor",654
5,0.9,3761,"imputemean_imputeoor",655
1,1,3761,"imputemedian_imputeoor",656
2,0.909090909090909,3761,"imputemedian_imputeoor",657
3,0.909090909090909,3761,"imputemedian_imputeoor",658
4,0.636363636363636,3761,"imputemedian_imputeoor",659
5,0.8,3761,"imputemedian_imputeoor",660
1,0.727272727272727,3761,"imputehist_imputeoor",661
2,0.727272727272727,3761,"imputehist_imputeoor",662
3,0.727272727272727,3761,"imputehist_imputeoor",663
4,0.909090909090909,3761,"imputehist_imputeoor",664
5,0.9,3761,"imputehist_imputeoor",665
1,0.590038314176245,3793,"imputemean_imputesample",666
2,0.547892720306513,3793,"imputemean_imputesample",667
3,0.5,3793,"imputemean_imputesample",668
4,0.530769230769231,3793,"imputemean_imputesample",669
5,0.473076923076923,3793,"imputemean_imputesample",670
1,0.540229885057471,3793,"imputemedian_imputesample",671
2,0.727969348659004,3793,"imputemedian_imputesample",672
3,0.530769230769231,3793,"imputemedian_imputesample",673
4,0.530769230769231,3793,"imputemedian_imputesample",674
5,0.511538461538461,3793,"imputemedian_imputesample",675
1,0.444444444444444,3793,"imputehist_imputesample",676
2,0.559386973180077,3793,"imputehist_imputesample",677
3,0.534615384615385,3793,"imputehist_imputesample",678
4,0.557692307692308,3793,"imputehist_imputesample",679
5,0.753846153846154,3793,"imputehist_imputesample",680
1,0.582375478927203,3793,"imputemean_imputemode",681
2,0.513409961685824,3793,"imputemean_imputemode",682
3,0.530769230769231,3793,"imputemean_imputemode",683
4,0.734615384615385,3793,"imputemean_imputemode",684
5,0.507692307692308,3793,"imputemean_imputemode",685
1,0.559386973180077,3793,"imputemedian_imputemode",686
2,0.498084291187739,3793,"imputemedian_imputemode",687
3,0.507692307692308,3793,"imputemedian_imputemode",688
4,0.538461538461538,3793,"imputemedian_imputemode",689
5,0.538461538461538,3793,"imputemedian_imputemode",690
1,0.482758620689655,3793,"imputehist_imputemode",691
2,0.544061302681992,3793,"imputehist_imputemode",692
3,0.503846153846154,3793,"imputehist_imputemode",693
4,0.734615384615385,3793,"imputehist_imputemode",694
5,0.523076923076923,3793,"imputehist_imputemode",695
1,0.540229885057471,3793,"imputemean_imputeoor",696
2,0.509578544061303,3793,"imputemean_imputeoor",697
3,0.492307692307692,3793,"imputemean_imputeoor",698
4,0.757692307692308,3793,"imputemean_imputeoor",699
5,0.542307692307692,3793,"imputemean_imputeoor",700
1,0.555555555555556,3793,"imputemedian_imputeoor",701
2,0.544061302681992,3793,"imputemedian_imputeoor",702
3,0.5,3793,"imputemedian_imputeoor",703
4,0.476923076923077,3793,"imputemedian_imputeoor",704
5,0.565384615384615,3793,"imputemedian_imputeoor",705
1,0.559386973180077,3793,"imputehist_imputeoor",706
2,0.547892720306513,3793,"imputehist_imputeoor",707
3,0.75,3793,"imputehist_imputeoor",708
4,0.507692307692308,3793,"imputehist_imputeoor",709
5,0.688461538461538,3793,"imputehist_imputeoor",710
1,0.423076923076923,3807,"imputemean_imputesample",711
2,0.653846153846154,3807,"imputemean_imputesample",712
3,0.730769230769231,3807,"imputemean_imputesample",713
4,0.692307692307692,3807,"imputemean_imputesample",714
5,0.730769230769231,3807,"imputemean_imputesample",715
1,0.576923076923077,3807,"imputemedian_imputesample",716
2,0.538461538461538,3807,"imputemedian_imputesample",717
3,0.846153846153846,3807,"imputemedian_imputesample",718
4,0.384615384615385,3807,"imputemedian_imputesample",719
5,0.884615384615385,3807,"imputemedian_imputesample",720
1,0.5,3807,"imputehist_imputesample",721
2,0.5,3807,"imputehist_imputesample",722
3,0.846153846153846,3807,"imputehist_imputesample",723
4,0.615384615384615,3807,"imputehist_imputesample",724
5,0.5,3807,"imputehist_imputesample",725
1,0.730769230769231,3807,"imputemean_imputemode",726
2,0.769230769230769,3807,"imputemean_imputemode",727
3,0.423076923076923,3807,"imputemean_imputemode",728
4,0.615384615384615,3807,"imputemean_imputemode",729
5,0.5,3807,"imputemean_imputemode",730
1,0.346153846153846,3807,"imputemedian_imputemode",731
2,0.692307692307692,3807,"imputemedian_imputemode",732
3,0.846153846153846,3807,"imputemedian_imputemode",733
4,0.461538461538462,3807,"imputemedian_imputemode",734
5,0.5,3807,"imputemedian_imputemode",735
1,0.461538461538462,3807,"imputehist_imputemode",736
2,0.461538461538462,3807,"imputehist_imputemode",737
3,0.461538461538462,3807,"imputehist_imputemode",738
4,0.461538461538462,3807,"imputehist_imputemode",739
5,0.538461538461538,3807,"imputehist_imputemode",740
1,0.576923076923077,3807,"imputemean_imputeoor",741
2,0.538461538461538,3807,"imputemean_imputeoor",742
3,0.615384615384615,3807,"imputemean_imputeoor",743
4,0.846153846153846,3807,"imputemean_imputeoor",744
5,0.5,3807,"imputemean_imputeoor",745
1,0.538461538461538,3807,"imputemedian_imputeoor",746
2,0.730769230769231,3807,"imputemedian_imputeoor",747
3,0.730769230769231,3807,"imputemedian_imputeoor",748
4,0.538461538461538,3807,"imputemedian_imputeoor",749
5,0.346153846153846,3807,"imputemedian_imputeoor",750
1,0.576923076923077,3807,"imputehist_imputeoor",751
2,0.730769230769231,3807,"imputehist_imputeoor",752
3,0.692307692307692,3807,"imputehist_imputeoor",753
4,0.615384615384615,3807,"imputehist_imputeoor",754
5,0.769230769230769,3807,"imputehist_imputeoor",755
1,0.8,3852,"imputemean_imputesample",756
2,0.711111111111111,3852,"imputemean_imputesample",757
3,0.805555555555556,3852,"imputemean_imputesample",758
4,0.759776536312849,3852,"imputemean_imputesample",759
5,0.787709497206704,3852,"imputemean_imputesample",760
1,0.8,3852,"imputemedian_imputesample",761
2,0.772222222222222,3852,"imputemedian_imputesample",762
3,0.8,3852,"imputemedian_imputesample",763
4,0.776536312849162,3852,"imputemedian_imputesample",764
5,0.782122905027933,3852,"imputemedian_imputesample",765
1,0.822222222222222,3852,"imputehist_imputesample",766
2,0.761111111111111,3852,"imputehist_imputesample",767
3,0.788888888888889,3852,"imputehist_imputesample",768
4,0.776536312849162,3852,"imputehist_imputesample",769
5,0.759776536312849,3852,"imputehist_imputesample",770
1,0.822222222222222,3852,"imputemean_imputemode",771
2,0.872222222222222,3852,"imputemean_imputemode",772
3,0.855555555555556,3852,"imputemean_imputemode",773
4,0.860335195530726,3852,"imputemean_imputemode",774
5,0.804469273743017,3852,"imputemean_imputemode",775
1,0.833333333333333,3852,"imputemedian_imputemode",776
2,0.85,3852,"imputemedian_imputemode",777
3,0.811111111111111,3852,"imputemedian_imputemode",778
4,0.849162011173184,3852,"imputemedian_imputemode",779
5,0.804469273743017,3852,"imputemedian_imputemode",780
1,0.888888888888889,3852,"imputehist_imputemode",781
2,0.822222222222222,3852,"imputehist_imputemode",782
3,0.9,3852,"imputehist_imputemode",783
4,0.832402234636871,3852,"imputehist_imputemode",784
5,0.832402234636871,3852,"imputehist_imputemode",785
1,0.933333333333333,3852,"imputemean_imputeoor",786
2,0.938888888888889,3852,"imputemean_imputeoor",787
3,0.927777777777778,3852,"imputemean_imputeoor",788
4,0.960893854748603,3852,"imputemean_imputeoor",789
5,0.949720670391061,3852,"imputemean_imputeoor",790
1,0.938888888888889,3852,"imputemedian_imputeoor",791
2,0.944444444444444,3852,"imputemedian_imputeoor",792
3,0.961111111111111,3852,"imputemedian_imputeoor",793
4,0.949720670391061,3852,"imputemedian_imputeoor",794
5,0.927374301675978,3852,"imputemedian_imputeoor",795
1,0.9,3852,"imputehist_imputeoor",796
2,0.944444444444444,3852,"imputehist_imputeoor",797
3,0.944444444444444,3852,"imputehist_imputeoor",798
4,0.949720670391061,3852,"imputehist_imputeoor",799
5,0.955307262569832,3852,"imputehist_imputeoor",800
1,0.958689458689459,3856,"imputemean_imputesample",801
2,0.968660968660969,3856,"imputemean_imputesample",802
3,0.962250712250712,3856,"imputemean_imputesample",803
4,0.954415954415954,3856,"imputemean_imputesample",804
5,0.965787598004277,3856,"imputemean_imputesample",805
1,0.957264957264957,3856,"imputemedian_imputesample",806
2,0.967236467236467,3856,"imputemedian_imputesample",807
3,0.955128205128205,3856,"imputemedian_imputesample",808
4,0.956552706552707,3856,"imputemedian_imputesample",809
5,0.973627940128296,3856,"imputemedian_imputesample",810
1,0.962962962962963,3856,"imputehist_imputesample",811
2,0.966524216524216,3856,"imputehist_imputesample",812
3,0.959401709401709,3856,"imputehist_imputesample",813
4,0.965099715099715,3856,"imputehist_imputesample",814
5,0.955808980755524,3856,"imputehist_imputesample",815
1,0.977920227920228,3856,"imputemean_imputemode",816
2,0.977207977207977,3856,"imputemean_imputemode",817
3,0.982193732193732,3856,"imputemean_imputemode",818
4,0.978632478632479,3856,"imputemean_imputemode",819
5,0.975766215253029,3856,"imputemean_imputemode",820
1,0.976495726495726,3856,"imputemedian_imputemode",821
2,0.979344729344729,3856,"imputemedian_imputemode",822
3,0.978632478632479,3856,"imputemedian_imputemode",823
4,0.980769230769231,3856,"imputemedian_imputemode",824
5,0.975766215253029,3856,"imputemedian_imputemode",825
1,0.968660968660969,3856,"imputehist_imputemode",826
2,0.977207977207977,3856,"imputehist_imputemode",827
3,0.985042735042735,3856,"imputehist_imputemode",828
4,0.979344729344729,3856,"imputehist_imputemode",829
5,0.981468282252316,3856,"imputehist_imputemode",830
1,0.979344729344729,3856,"imputemean_imputeoor",831
2,0.975783475783476,3856,"imputemean_imputeoor",832
3,0.971509971509972,3856,"imputemean_imputeoor",833
4,0.977207977207977,3856,"imputemean_imputeoor",834
5,0.975053456878118,3856,"imputemean_imputeoor",835
1,0.978632478632479,3856,"imputemedian_imputeoor",836
2,0.972222222222222,3856,"imputemedian_imputeoor",837
3,0.969373219373219,3856,"imputemedian_imputeoor",838
4,0.98005698005698,3856,"imputemedian_imputeoor",839
5,0.978617248752673,3856,"imputemedian_imputeoor",840
1,0.973646723646724,3856,"imputehist_imputeoor",841
2,0.971509971509972,3856,"imputehist_imputeoor",842
3,0.973646723646724,3856,"imputehist_imputeoor",843
4,0.978632478632479,3856,"imputehist_imputeoor",844
5,0.981468282252316,3856,"imputehist_imputeoor",845
1,0.90313961255845,3865,"imputemean_imputesample",846
2,0.88309953239813,3865,"imputemean_imputesample",847
3,0.89311957247829,3865,"imputemean_imputesample",848
4,0.89311957247829,3865,"imputemean_imputesample",849
5,0.899131596526386,3865,"imputemean_imputesample",850
1,0.899131596526386,3865,"imputemedian_imputesample",851
2,0.88376753507014,3865,"imputemedian_imputesample",852
3,0.901803607214429,3865,"imputemedian_imputesample",853
4,0.891115564462258,3865,"imputemedian_imputesample",854
5,0.895791583166333,3865,"imputemedian_imputesample",855
1,0.893787575150301,3865,"imputehist_imputesample",856
2,0.901135604542418,3865,"imputehist_imputesample",857
3,0.878423513694055,3865,"imputehist_imputesample",858
4,0.90247160988644,3865,"imputehist_imputesample",859
5,0.895791583166333,3865,"imputehist_imputesample",860
1,0.888443553774215,3865,"imputemean_imputemode",861
2,0.898463593854375,3865,"imputemean_imputemode",862
3,0.884435537742151,3865,"imputemean_imputemode",863
4,0.895123580494322,3865,"imputemean_imputemode",864
5,0.905143620574482,3865,"imputemean_imputemode",865
1,0.885103540414162,3865,"imputemedian_imputemode",866
2,0.901803607214429,3865,"imputemedian_imputemode",867
3,0.882431529726119,3865,"imputemedian_imputemode",868
4,0.911823647294589,3865,"imputemedian_imputemode",869
5,0.890447561790247,3865,"imputemedian_imputemode",870
1,0.885103540414162,3865,"imputehist_imputemode",871
2,0.9124916499666,3865,"imputehist_imputemode",872
3,0.899799599198397,3865,"imputehist_imputemode",873
4,0.892451569806279,3865,"imputehist_imputemode",874
5,0.881763527054108,3865,"imputehist_imputemode",875
1,0.893787575150301,3865,"imputemean_imputeoor",876
2,0.88376753507014,3865,"imputemean_imputeoor",877
3,0.899799599198397,3865,"imputemean_imputeoor",878
4,0.891783567134269,3865,"imputemean_imputeoor",879
5,0.90247160988644,3865,"imputemean_imputeoor",880
1,0.886439545758183,3865,"imputemedian_imputeoor",881
2,0.895123580494322,3865,"imputemedian_imputeoor",882
3,0.891783567134269,3865,"imputemedian_imputeoor",883
4,0.901803607214429,3865,"imputemedian_imputeoor",884
5,0.896459585838343,3865,"imputemedian_imputeoor",885
1,0.885103540414162,3865,"imputehist_imputeoor",886
2,0.905143620574482,3865,"imputehist_imputeoor",887
3,0.885103540414162,3865,"imputehist_imputeoor",888
4,0.888443553774215,3865,"imputehist_imputeoor",889
5,0.907815631262525,3865,"imputehist_imputeoor",890
1,0.863636363636364,3870,"imputemean_imputesample",891
2,0.909090909090909,3870,"imputemean_imputesample",892
3,0.80952380952381,3870,"imputemean_imputesample",893
4,0.714285714285714,3870,"imputemean_imputesample",894
5,0.714285714285714,3870,"imputemean_imputesample",895
1,0.818181818181818,3870,"imputemedian_imputesample",896
2,0.863636363636364,3870,"imputemedian_imputesample",897
3,0.952380952380952,3870,"imputemedian_imputesample",898
4,0.666666666666667,3870,"imputemedian_imputesample",899
5,0.714285714285714,3870,"imputemedian_imputesample",900
1,0.681818181818182,3870,"imputehist_imputesample",901
2,0.727272727272727,3870,"imputehist_imputesample",902
3,0.904761904761905,3870,"imputehist_imputesample",903
4,0.80952380952381,3870,"imputehist_imputesample",904
5,0.714285714285714,3870,"imputehist_imputesample",905
1,0.818181818181818,3870,"imputemean_imputemode",906
2,0.636363636363636,3870,"imputemean_imputemode",907
3,0.761904761904762,3870,"imputemean_imputemode",908
4,0.761904761904762,3870,"imputemean_imputemode",909
5,0.761904761904762,3870,"imputemean_imputemode",910
1,0.772727272727273,3870,"imputemedian_imputemode",911
2,0.681818181818182,3870,"imputemedian_imputemode",912
3,0.952380952380952,3870,"imputemedian_imputemode",913
4,0.857142857142857,3870,"imputemedian_imputemode",914
5,0.761904761904762,3870,"imputemedian_imputemode",915
1,0.818181818181818,3870,"imputehist_imputemode",916
2,0.818181818181818,3870,"imputehist_imputemode",917
3,0.666666666666667,3870,"imputehist_imputemode",918
4,0.857142857142857,3870,"imputehist_imputemode",919
5,0.714285714285714,3870,"imputehist_imputemode",920
1,0.578947368421053,3871,"imputemean_imputesample",921
2,0.631578947368421,3871,"imputemean_imputesample",922
3,0.605263157894737,3871,"imputemean_imputesample",923
4,0.671052631578947,3871,"imputemean_imputesample",924
5,0.586666666666667,3871,"imputemean_imputesample",925
1,0.710526315789474,3871,"imputemedian_imputesample",926
2,0.605263157894737,3871,"imputemedian_imputesample",927
3,0.592105263157895,3871,"imputemedian_imputesample",928
4,0.565789473684211,3871,"imputemedian_imputesample",929
5,0.493333333333333,3871,"imputemedian_imputesample",930
1,0.644736842105263,3871,"imputehist_imputesample",931
2,0.631578947368421,3871,"imputehist_imputesample",932
3,0.657894736842105,3871,"imputehist_imputesample",933
4,0.710526315789474,3871,"imputehist_imputesample",934
5,0.6,3871,"imputehist_imputesample",935
1,0.552631578947368,3871,"imputemean_imputemode",936
2,0.578947368421053,3871,"imputemean_imputemode",937
3,0.605263157894737,3871,"imputemean_imputemode",938
4,0.671052631578947,3871,"imputemean_imputemode",939
5,0.653333333333333,3871,"imputemean_imputemode",940
1,0.631578947368421,3871,"imputemedian_imputemode",941
2,0.565789473684211,3871,"imputemedian_imputemode",942
3,0.618421052631579,3871,"imputemedian_imputemode",943
4,0.644736842105263,3871,"imputemedian_imputemode",944
5,0.6,3871,"imputemedian_imputemode",945
1,0.592105263157895,3871,"imputehist_imputemode",946
2,0.592105263157895,3871,"imputehist_imputemode",947
3,0.605263157894737,3871,"imputehist_imputemode",948
4,0.631578947368421,3871,"imputehist_imputemode",949
5,0.6,3871,"imputehist_imputemode",950
1,0.697368421052632,3871,"imputemean_imputeoor",951
2,0.618421052631579,3871,"imputemean_imputeoor",952
3,0.631578947368421,3871,"imputemean_imputeoor",953
4,0.618421052631579,3871,"imputemean_imputeoor",954
5,0.64,3871,"imputemean_imputeoor",955
1,0.684210526315789,3871,"imputemedian_imputeoor",956
2,0.644736842105263,3871,"imputemedian_imputeoor",957
3,0.605263157894737,3871,"imputemedian_imputeoor",958
4,0.631578947368421,3871,"imputemedian_imputeoor",959
5,0.626666666666667,3871,"imputemedian_imputeoor",960
1,0.618421052631579,3871,"imputehist_imputeoor",961
2,0.618421052631579,3871,"imputehist_imputeoor",962
3,0.710526315789474,3871,"imputehist_imputeoor",963
4,0.671052631578947,3871,"imputehist_imputeoor",964
5,0.6,3871,"imputehist_imputeoor",965
1,0.939513849632561,3881,"imputemean_imputesample",966
2,0.939513849632561,3881,"imputemean_imputesample",967
3,0.928773318258903,3881,"imputemean_imputesample",968
4,0.933860938383267,3881,"imputemean_imputesample",969
5,0.937217194570136,3881,"imputemean_imputesample",970
1,0.927642736009045,3881,"imputemedian_imputesample",971
2,0.932165065008479,3881,"imputemedian_imputesample",972
3,0.944601469756925,3881,"imputemedian_imputesample",973
4,0.945166760881854,3881,"imputemedian_imputesample",974
5,0.929298642533937,3881,"imputemedian_imputesample",975
1,0.941209723007349,3881,"imputehist_imputesample",976
2,0.938383267382702,3881,"imputehist_imputesample",977
3,0.929338609383833,3881,"imputehist_imputesample",978
4,0.940644431882419,3881,"imputehist_imputesample",979
5,0.929298642533937,3881,"imputehist_imputesample",980
1,0.931034482758621,3881,"imputemean_imputemode",981
2,0.936687394007914,3881,"imputemean_imputemode",982
3,0.941209723007349,3881,"imputemean_imputemode",983
4,0.928208027133974,3881,"imputemean_imputemode",984
5,0.942307692307692,3881,"imputemean_imputemode",985
1,0.933860938383267,3881,"imputemedian_imputemode",986
2,0.938383267382702,3881,"imputemedian_imputemode",987
3,0.933295647258338,3881,"imputemedian_imputemode",988
4,0.941775014132278,3881,"imputemedian_imputemode",989
5,0.931561085972851,3881,"imputemedian_imputemode",990
1,0.937252685132843,3881,"imputehist_imputemode",991
2,0.928208027133974,3881,"imputehist_imputemode",992
3,0.933860938383267,3881,"imputehist_imputemode",993
4,0.94007914075749,3881,"imputehist_imputemode",994
5,0.93947963800905,3881,"imputehist_imputemode",995
1,0.937817976257773,3881,"imputemean_imputeoor",996
2,0.937252685132843,3881,"imputemean_imputeoor",997
3,0.933295647258338,3881,"imputemean_imputeoor",998
4,0.936687394007914,3881,"imputemean_imputeoor",999
5,0.933823529411765,3881,"imputemean_imputeoor",1000
1,0.935556811758055,3881,"imputemedian_imputeoor",1001
2,0.945732052006783,3881,"imputemedian_imputeoor",1002
3,0.929338609383833,3881,"imputemedian_imputeoor",1003
4,0.936687394007914,3881,"imputemedian_imputeoor",1004
5,0.931561085972851,3881,"imputemedian_imputeoor",1005
1,0.927077444884115,3881,"imputehist_imputeoor",1006
2,0.950819672131147,3881,"imputehist_imputeoor",1007
3,0.934991520633126,3881,"imputehist_imputeoor",1008
4,0.93159977388355,3881,"imputehist_imputeoor",1009
5,0.934389140271493,3881,"imputehist_imputeoor",1010
1,0.970802919708029,3886,"imputemean_imputesample",1011
2,0.948905109489051,3886,"imputemean_imputesample",1012
3,0.970802919708029,3886,"imputemean_imputesample",1013
4,0.955882352941177,3886,"imputemean_imputesample",1014
5,0.963235294117647,3886,"imputemean_imputesample",1015
1,0.963503649635037,3886,"imputemedian_imputesample",1016
2,0.963503649635037,3886,"imputemedian_imputesample",1017
3,0.970802919708029,3886,"imputemedian_imputesample",1018
4,0.963235294117647,3886,"imputemedian_imputesample",1019
5,0.941176470588235,3886,"imputemedian_imputesample",1020
1,0.970802919708029,3886,"imputehist_imputesample",1021
2,1,3886,"imputehist_imputesample",1022
3,0.970802919708029,3886,"imputehist_imputesample",1023
4,0.926470588235294,3886,"imputehist_imputesample",1024
5,0.955882352941177,3886,"imputehist_imputesample",1025
1,0.985401459854015,3886,"imputemean_imputemode",1026
2,0.948905109489051,3886,"imputemean_imputemode",1027
3,0.978102189781022,3886,"imputemean_imputemode",1028
4,0.919117647058823,3886,"imputemean_imputemode",1029
5,0.970588235294118,3886,"imputemean_imputemode",1030
1,0.948905109489051,3886,"imputemedian_imputemode",1031
2,0.963503649635037,3886,"imputemedian_imputemode",1032
3,0.956204379562044,3886,"imputemedian_imputemode",1033
4,0.970588235294118,3886,"imputemedian_imputemode",1034
5,0.955882352941177,3886,"imputemedian_imputemode",1035
1,0.985401459854015,3886,"imputehist_imputemode",1036
2,0.956204379562044,3886,"imputehist_imputemode",1037
3,0.941605839416058,3886,"imputehist_imputemode",1038
4,0.955882352941177,3886,"imputehist_imputemode",1039
5,0.948529411764706,3886,"imputehist_imputemode",1040
1,0.9815,3945,"imputemean_imputesample",1041
2,0.9828,3945,"imputemean_imputesample",1042
3,0.9816,3945,"imputemean_imputesample",1043
4,0.9854,3945,"imputemean_imputesample",1044
5,0.9797,3945,"imputemean_imputesample",1045
1,0.9804,3945,"imputemedian_imputesample",1046
2,0.981,3945,"imputemedian_imputesample",1047
3,0.9829,3945,"imputemedian_imputesample",1048
4,0.9839,3945,"imputemedian_imputesample",1049
5,0.9828,3945,"imputemedian_imputesample",1050
1,0.9822,3945,"imputehist_imputesample",1051
2,0.983,3945,"imputehist_imputesample",1052
3,0.9825,3945,"imputehist_imputesample",1053
4,0.9815,3945,"imputehist_imputesample",1054
5,0.9818,3945,"imputehist_imputesample",1055
1,0.9833,3945,"imputemean_imputemode",1056
2,0.9821,3945,"imputemean_imputemode",1057
3,0.9801,3945,"imputemean_imputemode",1058
4,0.9822,3945,"imputemean_imputemode",1059
5,0.9833,3945,"imputemean_imputemode",1060
1,0.9806,3945,"imputemedian_imputemode",1061
2,0.984,3945,"imputemedian_imputemode",1062
3,0.9807,3945,"imputemedian_imputemode",1063
4,0.9832,3945,"imputemedian_imputemode",1064
5,0.9825,3945,"imputemedian_imputemode",1065
1,0.9826,3945,"imputehist_imputemode",1066
2,0.9811,3945,"imputehist_imputemode",1067
3,0.9819,3945,"imputehist_imputemode",1068
4,0.9821,3945,"imputehist_imputemode",1069
5,0.9833,3945,"imputehist_imputemode",1070
1,0.9808,3945,"imputemean_imputeoor",1071
2,0.9826,3945,"imputemean_imputeoor",1072
3,0.9804,3945,"imputemean_imputeoor",1073
4,0.9839,3945,"imputemean_imputeoor",1074
5,0.9833,3945,"imputemean_imputeoor",1075
1,0.9828,3945,"imputemedian_imputeoor",1076
2,0.9815,3945,"imputemedian_imputeoor",1077
3,0.9827,3945,"imputemedian_imputeoor",1078
4,0.9814,3945,"imputemedian_imputeoor",1079
5,0.9826,3945,"imputemedian_imputeoor",1080
1,0.9813,3945,"imputehist_imputeoor",1081
2,0.9821,3945,"imputehist_imputeoor",1082
3,0.9826,3945,"imputehist_imputeoor",1083
4,0.9827,3945,"imputehist_imputeoor",1084
5,0.9823,3945,"imputehist_imputeoor",1085
1,0.9296,3946,"imputemean_imputesample",1086
2,0.9237,3946,"imputemean_imputesample",1087
3,0.9274,3946,"imputemean_imputesample",1088
4,0.9262,3946,"imputemean_imputesample",1089
5,0.9259,3946,"imputemean_imputesample",1090
1,0.9293,3946,"imputemedian_imputesample",1091
2,0.9265,3946,"imputemedian_imputesample",1092
3,0.9281,3946,"imputemedian_imputesample",1093
4,0.9223,3946,"imputemedian_imputesample",1094
5,0.9266,3946,"imputemedian_imputesample",1095
1,0.9213,3946,"imputehist_imputesample",1096
2,0.9311,3946,"imputehist_imputesample",1097
3,0.9271,3946,"imputehist_imputesample",1098
4,0.9297,3946,"imputehist_imputesample",1099
5,0.9236,3946,"imputehist_imputesample",1100
1,0.9325,3946,"imputemean_imputemode",1101
2,0.9267,3946,"imputemean_imputemode",1102
3,0.9254,3946,"imputemean_imputemode",1103
4,0.9264,3946,"imputemean_imputemode",1104
5,0.9218,3946,"imputemean_imputemode",1105
1,0.9229,3946,"imputemedian_imputemode",1106
2,0.9282,3946,"imputemedian_imputemode",1107
3,0.9281,3946,"imputemedian_imputemode",1108
4,0.9272,3946,"imputemedian_imputemode",1109
5,0.9264,3946,"imputemedian_imputemode",1110
1,0.9254,3946,"imputehist_imputemode",1111
2,0.927,3946,"imputehist_imputemode",1112
3,0.9246,3946,"imputehist_imputemode",1113
4,0.9278,3946,"imputehist_imputemode",1114
5,0.928,3946,"imputehist_imputemode",1115
1,0.9257,3946,"imputemean_imputeoor",1116
2,0.9259,3946,"imputemean_imputeoor",1117
3,0.9256,3946,"imputemean_imputeoor",1118
4,0.9244,3946,"imputemean_imputeoor",1119
5,0.9312,3946,"imputemean_imputeoor",1120
1,0.9255,3946,"imputemedian_imputeoor",1121
2,0.9263,3946,"imputemedian_imputeoor",1122
3,0.9273,3946,"imputemedian_imputeoor",1123
4,0.9274,3946,"imputemedian_imputeoor",1124
5,0.9263,3946,"imputemedian_imputeoor",1125
1,0.9255,3946,"imputehist_imputeoor",1126
2,0.927,3946,"imputehist_imputeoor",1127
3,0.9244,3946,"imputehist_imputeoor",1128
4,0.9323,3946,"imputehist_imputeoor",1129
5,0.9236,3946,"imputehist_imputeoor",1130
1,0.9267,3948,"imputemean_imputesample",1131
2,0.924,3948,"imputemean_imputesample",1132
3,0.9274,3948,"imputemean_imputesample",1133
4,0.9278,3948,"imputemean_imputesample",1134
5,0.9259,3948,"imputemean_imputesample",1135
1,0.9249,3948,"imputemedian_imputesample",1136
2,0.9292,3948,"imputemedian_imputesample",1137
3,0.9232,3948,"imputemedian_imputesample",1138
4,0.9281,3948,"imputemedian_imputesample",1139
5,0.9264,3948,"imputemedian_imputesample",1140
1,0.9273,3948,"imputehist_imputesample",1141
2,0.9274,3948,"imputehist_imputesample",1142
3,0.9251,3948,"imputehist_imputesample",1143
4,0.929,3948,"imputehist_imputesample",1144
5,0.923,3948,"imputehist_imputesample",1145
1,0.9315,3948,"imputemean_imputemode",1146
2,0.9245,3948,"imputemean_imputemode",1147
3,0.9254,3948,"imputemean_imputemode",1148
4,0.9263,3948,"imputemean_imputemode",1149
5,0.9241,3948,"imputemean_imputemode",1150
1,0.924,3948,"imputemedian_imputemode",1151
2,0.927,3948,"imputemedian_imputemode",1152
3,0.9307,3948,"imputemedian_imputemode",1153
4,0.929,3948,"imputemedian_imputemode",1154
5,0.9211,3948,"imputemedian_imputemode",1155
1,0.9274,3948,"imputehist_imputemode",1156
2,0.9217,3948,"imputehist_imputemode",1157
3,0.9263,3948,"imputehist_imputemode",1158
4,0.9267,3948,"imputehist_imputemode",1159
5,0.9297,3948,"imputehist_imputemode",1160
1,0.9275,3948,"imputemean_imputeoor",1161
2,0.9268,3948,"imputemean_imputeoor",1162
3,0.9251,3948,"imputemean_imputeoor",1163
4,0.9261,3948,"imputemean_imputeoor",1164
5,0.9263,3948,"imputemean_imputeoor",1165
1,0.9239,3948,"imputemedian_imputeoor",1166
2,0.9257,3948,"imputemedian_imputeoor",1167
3,0.9285,3948,"imputemedian_imputeoor",1168
4,0.9231,3948,"imputemedian_imputeoor",1169
5,0.9306,3948,"imputemedian_imputeoor",1170
1,0.9309,3948,"imputehist_imputeoor",1171
2,0.9232,3948,"imputehist_imputeoor",1172
3,0.9271,3948,"imputehist_imputeoor",1173
4,0.9253,3948,"imputehist_imputeoor",1174
5,0.9253,3948,"imputehist_imputeoor",1175
1,0.59,125920,"imputemean_imputesample",1176
2,0.66,125920,"imputemean_imputesample",1177
3,0.6,125920,"imputemean_imputesample",1178
4,0.59,125920,"imputemean_imputesample",1179
5,0.61,125920,"imputemean_imputesample",1180
1,0.58,125920,"imputemedian_imputesample",1181
2,0.61,125920,"imputemedian_imputesample",1182
3,0.52,125920,"imputemedian_imputesample",1183
4,0.59,125920,"imputemedian_imputesample",1184
5,0.64,125920,"imputemedian_imputesample",1185
1,0.64,125920,"imputehist_imputesample",1186
2,0.55,125920,"imputehist_imputesample",1187
3,0.59,125920,"imputehist_imputesample",1188
4,0.59,125920,"imputehist_imputesample",1189
5,0.57,125920,"imputehist_imputesample",1190
1,0.64,125920,"imputemean_imputemode",1191
2,0.67,125920,"imputemean_imputemode",1192
3,0.61,125920,"imputemean_imputemode",1193
4,0.54,125920,"imputemean_imputemode",1194
5,0.64,125920,"imputemean_imputemode",1195
1,0.59,125920,"imputemedian_imputemode",1196
2,0.62,125920,"imputemedian_imputemode",1197
3,0.5,125920,"imputemedian_imputemode",1198
4,0.59,125920,"imputemedian_imputemode",1199
5,0.62,125920,"imputemedian_imputemode",1200
1,0.7,125920,"imputehist_imputemode",1201
2,0.59,125920,"imputehist_imputemode",1202
3,0.59,125920,"imputehist_imputemode",1203
4,0.65,125920,"imputehist_imputemode",1204
5,0.56,125920,"imputehist_imputemode",1205
1,0.61,125920,"imputemedian_imputeoor",1206
2,0.64,125920,"imputemedian_imputeoor",1207
3,0.49,125920,"imputemedian_imputeoor",1208
4,0.71,125920,"imputemedian_imputeoor",1209
5,0.5,125920,"imputemedian_imputeoor",1210
1,0.880112351853121,168336,"imputemean_imputesample",1211
2,0.873946701376995,168336,"imputemean_imputesample",1212
3,0.87380968692197,168336,"imputemean_imputesample",1213
4,0.882570567278707,168336,"imputemean_imputesample",1214
5,0.874623184434091,168336,"imputemean_imputesample",1215
1,0.881962046995958,168336,"imputemedian_imputesample",1216
2,0.13084880454888,168336,"imputemedian_imputesample",1217
3,0.877509077207645,168336,"imputemedian_imputesample",1218
4,0.873732529460126,168336,"imputemedian_imputesample",1219
5,0.875445327486983,168336,"imputemedian_imputesample",1220
1,0.882030554223471,168336,"imputehist_imputesample",1221
2,0.877783106117695,168336,"imputehist_imputesample",1222
3,0.87654997602247,168336,"imputehist_imputesample",1223
4,0.876473006303097,168336,"imputehist_imputesample",1224
5,0.872225267196492,168336,"imputehist_imputesample",1225
1,0.871206412276495,168336,"imputemean_imputemode",1226
2,0.880043844625608,168336,"imputemean_imputemode",1227
3,0.87517983147222,168336,"imputemean_imputemode",1228
4,0.880926281172924,168336,"imputemean_imputemode",1229
5,0.131131816936147,168336,"imputemean_imputemode",1230
1,0.87956429403302,168336,"imputemedian_imputemode",1231
2,0.874974309789683,168336,"imputemedian_imputemode",1232
3,0.874220730287045,168336,"imputemedian_imputemode",1233
4,0.877980268566731,168336,"imputemedian_imputemode",1234
5,0.878322828172102,168336,"imputemedian_imputemode",1235
1,0.878673700075358,168336,"imputehist_imputemode",1236
2,0.87243954237172,168336,"imputehist_imputemode",1237
3,0.879427279577995,168336,"imputehist_imputemode",1238
4,0.133324198410523,168336,"imputehist_imputemode",1239
5,0.879487530830364,168336,"imputehist_imputemode",1240
1,0.890799479345071,168336,"imputemean_imputeoor",1241
2,0.895457970815921,168336,"imputemean_imputeoor",1242
3,0.898061245461396,168336,"imputemean_imputeoor",1243
4,0.893189915045218,168336,"imputemean_imputeoor",1244
5,0.892573307755549,168336,"imputemean_imputeoor",1245
1,0.894019319038159,168336,"imputemedian_imputeoor",1246
2,0.893334246763034,168336,"imputemedian_imputeoor",1247
3,0.895115434678359,168336,"imputemedian_imputeoor",1248
4,0.893806522334886,168336,"imputemedian_imputeoor",1249
5,0.893189915045218,168336,"imputemedian_imputeoor",1250
1,0.898198259916421,168336,"imputehist_imputeoor",1251
2,0.898814824964034,168336,"imputehist_imputeoor",1252
3,0.888675755292183,168336,"imputehist_imputeoor",1253
4,0.89017539051795,168336,"imputehist_imputeoor",1254
5,0.893189915045218,168336,"imputehist_imputeoor",1255
