"","dataset","imputation_method","model","metric","metric_value"
"1","openml_dataset_1018","mean","classif.rpart","auc",0.5
"2","openml_dataset_1018","mean","classif.rpart","f1",0.967911318553092
"3","openml_dataset_1018","mean","classif.glmnet","auc",0.900720587429448
"4","openml_dataset_1018","mean","classif.glmnet","f1",0.967855055523086
"5","openml_dataset_1018","mean","classif.kknn","auc",0.709948490328237
"6","openml_dataset_1018","mean","classif.kknn","f1",0.961515689757253
"7","openml_dataset_1018","mean","classif.ranger","auc",0.901353498821853
"8","openml_dataset_1018","mean","classif.ranger","f1",0.968402574605032
"9","openml_dataset_1018","mean","classif.xgboost","auc",0.89207353827607
"10","openml_dataset_1018","mean","classif.xgboost","f1",0.965130023640662
"11","openml_dataset_1590","mean","classif.rpart","auc",0.849921823382928
"12","openml_dataset_1590","mean","classif.rpart","f1",0.614781927396187
"13","openml_dataset_1590","mean","classif.glmnet","auc",0.903092971657308
"14","openml_dataset_1590","mean","classif.glmnet","f1",0.641102756892231
"15","openml_dataset_1590","mean","classif.kknn","auc",0.851049810307856
"16","openml_dataset_1590","mean","classif.kknn","f1",0.602626123013131
"17","openml_dataset_1590","mean","classif.ranger","auc",0.918192551702786
"18","openml_dataset_1590","mean","classif.ranger","f1",0.677284979171772
"19","openml_dataset_1590","mean","classif.xgboost","auc",0.876233636136924
"20","openml_dataset_1590","mean","classif.xgboost","f1",0.618855761482675
"21","openml_dataset_188","mean","classif.rpart","auc",0.903577926015767
"22","openml_dataset_188","mean","classif.rpart","f1",0.836363636363636
"23","openml_dataset_188","mean","classif.glmnet","auc",0.963816454416818
"24","openml_dataset_188","mean","classif.glmnet","f1",0.83495145631068
"25","openml_dataset_188","mean","classif.kknn","auc",0.910450778249444
"26","openml_dataset_188","mean","classif.kknn","f1",0.803921568627451
"27","openml_dataset_188","mean","classif.ranger","auc",0.957145744895897
"28","openml_dataset_188","mean","classif.ranger","f1",0.8
"29","openml_dataset_188","mean","classif.xgboost","auc",0.924297554073176
"30","openml_dataset_188","mean","classif.xgboost","f1",0.807692307692308
"31","openml_dataset_23381","mean","classif.rpart","auc",0.487196180555556
"32","openml_dataset_23381","mean","classif.rpart","f1",0.294117647058824
"33","openml_dataset_23381","mean","classif.glmnet","auc",0.530815972222222
"34","openml_dataset_23381","mean","classif.glmnet","f1",0.349206349206349
"35","openml_dataset_23381","mean","classif.kknn","auc",0.562065972222222
"36","openml_dataset_23381","mean","classif.kknn","f1",0.388888888888889
"37","openml_dataset_23381","mean","classif.ranger","auc",0.5546875
"38","openml_dataset_23381","mean","classif.ranger","f1",0.303030303030303
"39","openml_dataset_23381","mean","classif.xgboost","auc",0.519748263888889
"40","openml_dataset_23381","mean","classif.xgboost","f1",0.295081967213115
"41","openml_dataset_27","mean","classif.rpart","auc",0.873106060606061
"42","openml_dataset_27","mean","classif.rpart","f1",0.896551724137931
"43","openml_dataset_27","mean","classif.glmnet","auc",0.914772727272727
"44","openml_dataset_27","mean","classif.glmnet","f1",0.847058823529412
"45","openml_dataset_27","mean","classif.kknn","auc",0.866666666666667
"46","openml_dataset_27","mean","classif.kknn","f1",0.844444444444444
"47","openml_dataset_27","mean","classif.ranger","auc",0.934848484848485
"48","openml_dataset_27","mean","classif.ranger","f1",0.881720430107527
"49","openml_dataset_27","mean","classif.xgboost","auc",0.877651515151515
"50","openml_dataset_27","mean","classif.xgboost","f1",0.876404494382023
"51","openml_dataset_29","mean","classif.rpart","auc",0.918376068376068
"52","openml_dataset_29","mean","classif.rpart","f1",0.849557522123894
"53","openml_dataset_29","mean","classif.glmnet","auc",0.913888888888889
"54","openml_dataset_29","mean","classif.glmnet","f1",0.861788617886179
"55","openml_dataset_29","mean","classif.kknn","auc",0.881517094017094
"56","openml_dataset_29","mean","classif.kknn","f1",0.769230769230769
"57","openml_dataset_29","mean","classif.ranger","auc",0.966452991452991
"58","openml_dataset_29","mean","classif.ranger","f1",0.857142857142857
"59","openml_dataset_29","mean","classif.xgboost","auc",0.933653846153846
"60","openml_dataset_29","mean","classif.xgboost","f1",0.811320754716981
"61","openml_dataset_38","mean","classif.rpart","auc",0.974653275944524
"62","openml_dataset_38","mean","classif.rpart","f1",0.923076923076923
"63","openml_dataset_38","mean","classif.glmnet","auc",0.963175514108082
"64","openml_dataset_38","mean","classif.glmnet","f1",0.626865671641791
"65","openml_dataset_38","mean","classif.kknn","auc",0.937008949921432
"66","openml_dataset_38","mean","classif.kknn","f1",0.686567164179104
"67","openml_dataset_38","mean","classif.ranger","auc",0.997779599644736
"68","openml_dataset_38","mean","classif.ranger","f1",0.875
"69","openml_dataset_38","mean","classif.xgboost","auc",0.998531119764979
"70","openml_dataset_38","mean","classif.xgboost","f1",0.880952380952381
"71","openml_dataset_4","mean","classif.rpart","auc",0.75
"72","openml_dataset_4","mean","classif.rpart","f1",0.888888888888889
"73","openml_dataset_4","mean","classif.glmnet","auc",1
"74","openml_dataset_4","mean","classif.glmnet","f1",0.941176470588235
"75","openml_dataset_4","mean","classif.kknn","auc",0.828125
"76","openml_dataset_4","mean","classif.kknn","f1",0.888888888888889
"77","openml_dataset_4","mean","classif.ranger","auc",1
"78","openml_dataset_4","mean","classif.ranger","f1",1
"79","openml_dataset_4","mean","classif.xgboost","auc",0.875
"80","openml_dataset_4","mean","classif.xgboost","f1",0.941176470588235
"81","openml_dataset_40536","mean","classif.rpart","auc",1
"82","openml_dataset_40536","mean","classif.rpart","f1",1
"83","openml_dataset_40536","mean","classif.glmnet","auc",1
"84","openml_dataset_40536","mean","classif.glmnet","f1",1
"85","openml_dataset_40536","mean","classif.kknn","auc",0.773855147359804
"86","openml_dataset_40536","mean","classif.kknn","f1",0.445414847161572
"87","openml_dataset_40536","mean","classif.ranger","auc",1
"88","openml_dataset_40536","mean","classif.ranger","f1",0.989169675090253
"89","openml_dataset_40536","mean","classif.xgboost","auc",1
"90","openml_dataset_40536","mean","classif.xgboost","f1",1
"91","openml_dataset_55","mean","classif.rpart","auc",0.698369565217391
"92","openml_dataset_55","mean","classif.rpart","f1",0.851063829787234
"93","openml_dataset_55","mean","classif.glmnet","auc",0.766304347826087
"94","openml_dataset_55","mean","classif.glmnet","f1",0.851851851851852
"95","openml_dataset_55","mean","classif.kknn","auc",0.855978260869565
"96","openml_dataset_55","mean","classif.kknn","f1",0.91304347826087
"97","openml_dataset_55","mean","classif.ranger","auc",0.885869565217391
"98","openml_dataset_55","mean","classif.ranger","f1",0.916666666666667
"99","openml_dataset_55","mean","classif.xgboost","auc",0.804347826086957
"100","openml_dataset_55","mean","classif.xgboost","f1",0.893617021276596
"101","openml_dataset_56","mean","classif.rpart","auc",0.969034090909091
"102","openml_dataset_56","mean","classif.rpart","f1",0.923076923076923
"103","openml_dataset_56","mean","classif.glmnet","auc",0.978125
"104","openml_dataset_56","mean","classif.glmnet","f1",0.939393939393939
"105","openml_dataset_56","mean","classif.kknn","auc",0.986931818181818
"106","openml_dataset_56","mean","classif.kknn","f1",0.909090909090909
"107","openml_dataset_56","mean","classif.ranger","auc",0.984659090909091
"108","openml_dataset_56","mean","classif.ranger","f1",0.939393939393939
"109","openml_dataset_56","mean","classif.xgboost","auc",0.969034090909091
"110","openml_dataset_56","mean","classif.xgboost","f1",0.923076923076923
"111","openml_dataset_6332","mean","classif.rpart","auc",0.85438282647585
"112","openml_dataset_6332","mean","classif.rpart","f1",0.816
"113","openml_dataset_6332","mean","classif.glmnet","auc",0.818604651162791
"114","openml_dataset_6332","mean","classif.glmnet","f1",0.791044776119403
"115","openml_dataset_6332","mean","classif.kknn","auc",0.812701252236136
"116","openml_dataset_6332","mean","classif.kknn","f1",0.814814814814815
"117","openml_dataset_6332","mean","classif.ranger","auc",0.917352415026834
"118","openml_dataset_6332","mean","classif.ranger","f1",0.857142857142857
"119","openml_dataset_6332","mean","classif.xgboost","auc",0.74257602862254
"120","openml_dataset_6332","mean","classif.xgboost","f1",0.783216783216783
"121","openml_dataset_944","mean","classif.rpart","auc",0.845454545454545
"122","openml_dataset_944","mean","classif.rpart","f1",0.787878787878788
"123","openml_dataset_944","mean","classif.glmnet","auc",0.821212121212121
"124","openml_dataset_944","mean","classif.glmnet","f1",0.814814814814815
"125","openml_dataset_944","mean","classif.kknn","auc",0.845454545454545
"126","openml_dataset_944","mean","classif.kknn","f1",0.740740740740741
"127","openml_dataset_944","mean","classif.ranger","auc",0.884848484848485
"128","openml_dataset_944","mean","classif.ranger","f1",0.814814814814815
"129","openml_dataset_944","mean","classif.xgboost","auc",0.9
"130","openml_dataset_944","mean","classif.xgboost","f1",0.785714285714286
"131","openml_dataset_1018","mice_default","classif.rpart","auc",0.5
"132","openml_dataset_1018","mice_default","classif.rpart","f1",0.967911318553092
"133","openml_dataset_1018","mice_default","classif.glmnet","auc",0.886484190914571
"134","openml_dataset_1018","mice_default","classif.glmnet","f1",0.967892586106246
"135","openml_dataset_1018","mice_default","classif.kknn","auc",0.69704641350211
"136","openml_dataset_1018","mice_default","classif.kknn","f1",0.961913197519929
"137","openml_dataset_1018","mice_default","classif.ranger","auc",0.894498328675544
"138","openml_dataset_1018","mice_default","classif.ranger","f1",0.968421052631579
"139","openml_dataset_1018","mice_default","classif.xgboost","auc",0.883618280453723
"140","openml_dataset_1018","mice_default","classif.xgboost","f1",0.967628016480283
"141","openml_dataset_1590","mice_default","classif.rpart","auc",0.852837911163817
"142","openml_dataset_1590","mice_default","classif.rpart","f1",0.634649233090269
"143","openml_dataset_1590","mice_default","classif.glmnet","auc",0.903990018085906
"144","openml_dataset_1590","mice_default","classif.glmnet","f1",0.637935354547732
"145","openml_dataset_1590","mice_default","classif.kknn","auc",0.849191325359353
"146","openml_dataset_1590","mice_default","classif.kknn","f1",0.599214599214599
"147","openml_dataset_1590","mice_default","classif.ranger","auc",0.91857703357707
"148","openml_dataset_1590","mice_default","classif.ranger","f1",0.678746327130264
"149","openml_dataset_1590","mice_default","classif.xgboost","auc",0.880917890408694
"150","openml_dataset_1590","mice_default","classif.xgboost","f1",0.639111340738827
"151","openml_dataset_188","mice_default","classif.rpart","auc",0.940165757024459
"152","openml_dataset_188","mice_default","classif.rpart","f1",0.849557522123894
"153","openml_dataset_188","mice_default","classif.glmnet","auc",0.964220739842329
"154","openml_dataset_188","mice_default","classif.glmnet","f1",0.831683168316832
"155","openml_dataset_188","mice_default","classif.kknn","auc",0.908631493834647
"156","openml_dataset_188","mice_default","classif.kknn","f1",0.796116504854369
"157","openml_dataset_188","mice_default","classif.ranger","auc",0.958762886597938
"158","openml_dataset_188","mice_default","classif.ranger","f1",0.807692307692308
"159","openml_dataset_188","mice_default","classif.xgboost","auc",0.944713968061451
"160","openml_dataset_188","mice_default","classif.xgboost","f1",0.818181818181818
"161","openml_dataset_27","mice_default","classif.rpart","auc",0.868560606060606
"162","openml_dataset_27","mice_default","classif.rpart","f1",0.896551724137931
"163","openml_dataset_27","mice_default","classif.glmnet","auc",0.90719696969697
"164","openml_dataset_27","mice_default","classif.glmnet","f1",0.847058823529412
"165","openml_dataset_27","mice_default","classif.kknn","auc",0.859848484848485
"166","openml_dataset_27","mice_default","classif.kknn","f1",0.863636363636364
"167","openml_dataset_27","mice_default","classif.ranger","auc",0.912121212121212
"168","openml_dataset_27","mice_default","classif.ranger","f1",0.872340425531915
"169","openml_dataset_27","mice_default","classif.xgboost","auc",0.888257575757576
"170","openml_dataset_27","mice_default","classif.xgboost","f1",0.869565217391304
"171","openml_dataset_38","mice_default","classif.rpart","auc",0.968316594930655
"172","openml_dataset_38","mice_default","classif.rpart","f1",0.888888888888889
"173","openml_dataset_38","mice_default","classif.glmnet","auc",0.946129671380747
"174","openml_dataset_38","mice_default","classif.glmnet","f1",0.48
"175","openml_dataset_38","mice_default","classif.kknn","auc",0.934481109516977
"176","openml_dataset_38","mice_default","classif.kknn","f1",0.65625
"177","openml_dataset_38","mice_default","classif.ranger","auc",0.996993919519027
"178","openml_dataset_38","mice_default","classif.ranger","f1",0.871794871794872
"179","openml_dataset_38","mice_default","classif.xgboost","auc",0.990452278472365
"180","openml_dataset_38","mice_default","classif.xgboost","f1",0.770833333333333
"181","openml_dataset_4","mice_default","classif.rpart","auc",0.8125
"182","openml_dataset_4","mice_default","classif.rpart","f1",0.875
"183","openml_dataset_4","mice_default","classif.glmnet","auc",0.90625
"184","openml_dataset_4","mice_default","classif.glmnet","f1",0.888888888888889
"185","openml_dataset_4","mice_default","classif.kknn","auc",0.828125
"186","openml_dataset_4","mice_default","classif.kknn","f1",0.941176470588235
"187","openml_dataset_4","mice_default","classif.ranger","auc",1
"188","openml_dataset_4","mice_default","classif.ranger","f1",1
"189","openml_dataset_4","mice_default","classif.xgboost","auc",0.890625
"190","openml_dataset_4","mice_default","classif.xgboost","f1",0.875
"191","openml_dataset_55","mice_default","classif.rpart","auc",0.766304347826087
"192","openml_dataset_55","mice_default","classif.rpart","f1",0.869565217391304
"193","openml_dataset_55","mice_default","classif.glmnet","auc",0.853260869565217
"194","openml_dataset_55","mice_default","classif.glmnet","f1",0.867924528301887
"195","openml_dataset_55","mice_default","classif.kknn","auc",0.823369565217391
"196","openml_dataset_55","mice_default","classif.kknn","f1",0.888888888888889
"197","openml_dataset_55","mice_default","classif.ranger","auc",0.885869565217391
"198","openml_dataset_55","mice_default","classif.ranger","f1",0.916666666666667
"199","openml_dataset_55","mice_default","classif.xgboost","auc",0.817934782608696
"200","openml_dataset_55","mice_default","classif.xgboost","f1",0.91304347826087
"201","openml_dataset_56","mice_default","classif.rpart","auc",0.966761363636364
"202","openml_dataset_56","mice_default","classif.rpart","f1",0.923076923076923
"203","openml_dataset_56","mice_default","classif.glmnet","auc",0.965056818181818
"204","openml_dataset_56","mice_default","classif.glmnet","f1",0.925373134328358
"205","openml_dataset_56","mice_default","classif.kknn","auc",0.952840909090909
"206","openml_dataset_56","mice_default","classif.kknn","f1",0.875
"207","openml_dataset_56","mice_default","classif.ranger","auc",0.984090909090909
"208","openml_dataset_56","mice_default","classif.ranger","f1",0.939393939393939
"209","openml_dataset_56","mice_default","classif.xgboost","auc",0.967329545454545
"210","openml_dataset_56","mice_default","classif.xgboost","f1",0.923076923076923
"211","openml_dataset_6332","mice_default","classif.rpart","auc",0.72432915921288
"212","openml_dataset_6332","mice_default","classif.rpart","f1",0.8
"213","openml_dataset_6332","mice_default","classif.glmnet","auc",0.76994633273703
"214","openml_dataset_6332","mice_default","classif.glmnet","f1",0.763888888888889
"215","openml_dataset_6332","mice_default","classif.kknn","auc",0.797495527728086
"216","openml_dataset_6332","mice_default","classif.kknn","f1",0.791044776119403
"217","openml_dataset_6332","mice_default","classif.ranger","auc",0.888372093023256
"218","openml_dataset_6332","mice_default","classif.ranger","f1",0.825174825174825
"219","openml_dataset_6332","mice_default","classif.xgboost","auc",0.765831842576029
"220","openml_dataset_6332","mice_default","classif.xgboost","f1",0.8
"221","openml_dataset_944","mice_default","classif.rpart","auc",0.845454545454545
"222","openml_dataset_944","mice_default","classif.rpart","f1",0.787878787878788
"223","openml_dataset_944","mice_default","classif.glmnet","auc",0.821212121212121
"224","openml_dataset_944","mice_default","classif.glmnet","f1",0.814814814814815
"225","openml_dataset_944","mice_default","classif.kknn","auc",0.903030303030303
"226","openml_dataset_944","mice_default","classif.kknn","f1",0.827586206896552
"227","openml_dataset_944","mice_default","classif.ranger","auc",0.890909090909091
"228","openml_dataset_944","mice_default","classif.ranger","f1",0.857142857142857
"229","openml_dataset_944","mice_default","classif.xgboost","auc",0.887878787878788
"230","openml_dataset_944","mice_default","classif.xgboost","f1",0.785714285714286
"231","openml_dataset_1018","missForest","classif.rpart","auc",0.5
"232","openml_dataset_1018","missForest","classif.rpart","f1",0.967911318553092
"233","openml_dataset_1018","missForest","classif.glmnet","auc",0.857205874294482
"234","openml_dataset_1018","missForest","classif.glmnet","f1",0.967892586106246
"235","openml_dataset_1018","missForest","classif.kknn","auc",0.703452243958573
"236","openml_dataset_1018","missForest","classif.kknn","f1",0.962219598583235
"237","openml_dataset_1018","missForest","classif.ranger","auc",0.890443311962299
"238","openml_dataset_1018","missForest","classif.ranger","f1",0.968421052631579
"239","openml_dataset_1018","missForest","classif.xgboost","auc",0.817337936325278
"240","openml_dataset_1018","missForest","classif.xgboost","f1",0.967343336275375
"241","openml_dataset_1590","missForest","classif.rpart","auc",0.852910399764108
"242","openml_dataset_1590","missForest","classif.rpart","f1",0.635104507680685
"243","openml_dataset_1590","missForest","classif.glmnet","auc",0.90383782125457
"244","openml_dataset_1590","missForest","classif.glmnet","f1",0.642092154420921
"245","openml_dataset_1590","missForest","classif.kknn","auc",0.851098097069017
"246","openml_dataset_1590","missForest","classif.kknn","f1",0.602626123013131
"247","openml_dataset_1590","missForest","classif.ranger","auc",0.918146515595747
"248","openml_dataset_1590","missForest","classif.ranger","f1",0.681962411520625
"249","openml_dataset_1590","missForest","classif.xgboost","auc",0.881048165284297
"250","openml_dataset_1590","missForest","classif.xgboost","f1",0.639586028460543
"251","openml_dataset_188","missForest","classif.rpart","auc",0.913482918940772
"252","openml_dataset_188","missForest","classif.rpart","f1",0.822429906542056
"253","openml_dataset_188","missForest","classif.glmnet","auc",0.958762886597938
"254","openml_dataset_188","missForest","classif.glmnet","f1",0.815533980582524
"255","openml_dataset_188","missForest","classif.kknn","auc",0.909642207398423
"256","openml_dataset_188","missForest","classif.kknn","f1",0.803921568627451
"257","openml_dataset_188","missForest","classif.ranger","auc",0.96078431372549
"258","openml_dataset_188","missForest","classif.ranger","f1",0.796116504854369
"259","openml_dataset_188","missForest","classif.xgboost","auc",0.895189003436426
"260","openml_dataset_188","missForest","classif.xgboost","f1",0.769230769230769
"261","openml_dataset_23381","missForest","classif.rpart","auc",0.546875
"262","openml_dataset_23381","missForest","classif.rpart","f1",0.333333333333333
"263","openml_dataset_23381","missForest","classif.glmnet","auc",0.538194444444444
"264","openml_dataset_23381","missForest","classif.glmnet","f1",0.375
"265","openml_dataset_23381","missForest","classif.kknn","auc",0.475043402777778
"266","openml_dataset_23381","missForest","classif.kknn","f1",0.276923076923077
"267","openml_dataset_23381","missForest","classif.ranger","auc",0.525607638888889
"268","openml_dataset_23381","missForest","classif.ranger","f1",0.3125
"269","openml_dataset_23381","missForest","classif.xgboost","auc",0.56640625
"270","openml_dataset_23381","missForest","classif.xgboost","f1",0.358208955223881
"271","openml_dataset_27","missForest","classif.rpart","auc",0.868560606060606
"272","openml_dataset_27","missForest","classif.rpart","f1",0.873563218390805
"273","openml_dataset_27","missForest","classif.glmnet","auc",0.903787878787879
"274","openml_dataset_27","missForest","classif.glmnet","f1",0.847058823529412
"275","openml_dataset_27","missForest","classif.kknn","auc",0.890151515151515
"276","openml_dataset_27","missForest","classif.kknn","f1",0.876404494382023
"277","openml_dataset_27","missForest","classif.ranger","auc",0.924242424242424
"278","openml_dataset_27","missForest","classif.ranger","f1",0.869565217391304
"279","openml_dataset_27","missForest","classif.xgboost","auc",0.864772727272727
"280","openml_dataset_27","missForest","classif.xgboost","f1",0.813186813186813
"281","openml_dataset_29","missForest","classif.rpart","auc",0.918376068376068
"282","openml_dataset_29","missForest","classif.rpart","f1",0.849557522123894
"283","openml_dataset_29","missForest","classif.glmnet","auc",0.913888888888889
"284","openml_dataset_29","missForest","classif.glmnet","f1",0.861788617886179
"285","openml_dataset_29","missForest","classif.kknn","auc",0.881410256410256
"286","openml_dataset_29","missForest","classif.kknn","f1",0.779661016949153
"287","openml_dataset_29","missForest","classif.ranger","auc",0.967094017094017
"288","openml_dataset_29","missForest","classif.ranger","f1",0.857142857142857
"289","openml_dataset_29","missForest","classif.xgboost","auc",0.932051282051282
"290","openml_dataset_29","missForest","classif.xgboost","f1",0.811320754716981
"291","openml_dataset_38","missForest","classif.rpart","auc",0.999009359841498
"292","openml_dataset_38","missForest","classif.rpart","f1",0.926829268292683
"293","openml_dataset_38","missForest","classif.glmnet","auc",0.96700143472023
"294","openml_dataset_38","missForest","classif.glmnet","f1",0.606060606060606
"295","openml_dataset_38","missForest","classif.kknn","auc",0.934446949511512
"296","openml_dataset_38","missForest","classif.kknn","f1",0.626865671641791
"297","openml_dataset_38","missForest","classif.ranger","auc",0.997847919655667
"298","openml_dataset_38","missForest","classif.ranger","f1",0.886075949367089
"299","openml_dataset_38","missForest","classif.xgboost","auc",0.999197239871558
"300","openml_dataset_38","missForest","classif.xgboost","f1",0.951219512195122
"301","openml_dataset_4","missForest","classif.rpart","auc",0.5
"302","openml_dataset_4","missForest","classif.rpart","f1",0.8
"303","openml_dataset_4","missForest","classif.glmnet","auc",1
"304","openml_dataset_4","missForest","classif.glmnet","f1",0.8
"305","openml_dataset_4","missForest","classif.kknn","auc",0.84375
"306","openml_dataset_4","missForest","classif.kknn","f1",0.941176470588235
"307","openml_dataset_4","missForest","classif.ranger","auc",1
"308","openml_dataset_4","missForest","classif.ranger","f1",0.888888888888889
"309","openml_dataset_4","missForest","classif.xgboost","auc",0.5
"310","openml_dataset_4","missForest","classif.xgboost","f1",0.8
"311","openml_dataset_55","missForest","classif.rpart","auc",0.885869565217391
"312","openml_dataset_55","missForest","classif.rpart","f1",0.888888888888889
"313","openml_dataset_55","missForest","classif.glmnet","auc",0.847826086956522
"314","openml_dataset_55","missForest","classif.glmnet","f1",0.867924528301887
"315","openml_dataset_55","missForest","classif.kknn","auc",0.866847826086957
"316","openml_dataset_55","missForest","classif.kknn","f1",0.893617021276596
"317","openml_dataset_55","missForest","classif.ranger","auc",0.902173913043478
"318","openml_dataset_55","missForest","classif.ranger","f1",0.916666666666667
"319","openml_dataset_55","missForest","classif.xgboost","auc",0.758152173913043
"320","openml_dataset_55","missForest","classif.xgboost","f1",0.901960784313726
"321","openml_dataset_56","missForest","classif.rpart","auc",0.967613636363636
"322","openml_dataset_56","missForest","classif.rpart","f1",0.923076923076923
"323","openml_dataset_56","missForest","classif.glmnet","auc",0.968181818181818
"324","openml_dataset_56","missForest","classif.glmnet","f1",0.939393939393939
"325","openml_dataset_56","missForest","classif.kknn","auc",0.961647727272727
"326","openml_dataset_56","missForest","classif.kknn","f1",0.857142857142857
"327","openml_dataset_56","missForest","classif.ranger","auc",0.978977272727273
"328","openml_dataset_56","missForest","classif.ranger","f1",0.939393939393939
"329","openml_dataset_56","missForest","classif.xgboost","auc",0.967613636363636
"330","openml_dataset_56","missForest","classif.xgboost","f1",0.923076923076923
"331","openml_dataset_944","missForest","classif.rpart","auc",0.893939393939394
"332","openml_dataset_944","missForest","classif.rpart","f1",0.857142857142857
"333","openml_dataset_944","missForest","classif.glmnet","auc",0.821212121212121
"334","openml_dataset_944","missForest","classif.glmnet","f1",0.814814814814815
"335","openml_dataset_944","missForest","classif.kknn","auc",0.848484848484849
"336","openml_dataset_944","missForest","classif.kknn","f1",0.814814814814815
"337","openml_dataset_944","missForest","classif.ranger","auc",0.915151515151515
"338","openml_dataset_944","missForest","classif.ranger","f1",0.814814814814815
"339","openml_dataset_944","missForest","classif.xgboost","auc",0.918181818181818
"340","openml_dataset_944","missForest","classif.xgboost","f1",0.814814814814815
"341","openml_dataset_1018","random","classif.rpart","auc",0.5
"342","openml_dataset_1018","random","classif.rpart","f1",0.967911318553092
"343","openml_dataset_1018","random","classif.glmnet","auc",0.892229711217053
"344","openml_dataset_1018","random","classif.glmnet","f1",0.967892586106246
"345","openml_dataset_1018","random","classif.kknn","auc",0.671003890624144
"346","openml_dataset_1018","random","classif.kknn","f1",0.960662525879917
"347","openml_dataset_1018","random","classif.ranger","auc",0.898756096224451
"348","openml_dataset_1018","random","classif.ranger","f1",0.967836257309942
"349","openml_dataset_1018","random","classif.xgboost","auc",0.883881308564853
"350","openml_dataset_1018","random","classif.xgboost","f1",0.967343336275375
"351","openml_dataset_1590","random","classif.rpart","auc",0.852771502252583
"352","openml_dataset_1590","random","classif.rpart","f1",0.634281399446262
"353","openml_dataset_1590","random","classif.glmnet","auc",0.903546902287354
"354","openml_dataset_1590","random","classif.glmnet","f1",0.639720558882236
"355","openml_dataset_1590","random","classif.kknn","auc",0.850840762537985
"356","openml_dataset_1590","random","classif.kknn","f1",0.598486585645494
"357","openml_dataset_1590","random","classif.ranger","auc",0.918439422153615
"358","openml_dataset_1590","random","classif.ranger","f1",0.681651600293183
"359","openml_dataset_1590","random","classif.xgboost","auc",0.88070793653132
"360","openml_dataset_1590","random","classif.xgboost","f1",0.638738039824153
"361","openml_dataset_188","random","classif.rpart","auc",0.927329694764504
"362","openml_dataset_188","random","classif.rpart","f1",0.795918367346939
"363","openml_dataset_188","random","classif.glmnet","auc",0.963816454416818
"364","openml_dataset_188","random","classif.glmnet","f1",0.826923076923077
"365","openml_dataset_188","random","classif.kknn","auc",0.908732565191025
"366","openml_dataset_188","random","classif.kknn","f1",0.815533980582524
"367","openml_dataset_188","random","classif.ranger","auc",0.957954315746917
"368","openml_dataset_188","random","classif.ranger","f1",0.788461538461538
"369","openml_dataset_188","random","classif.xgboost","auc",0.927228623408126
"370","openml_dataset_188","random","classif.xgboost","f1",0.737864077669903
"371","openml_dataset_23381","random","classif.rpart","auc",0.553819444444444
"372","openml_dataset_23381","random","classif.rpart","f1",0.258064516129032
"373","openml_dataset_23381","random","classif.glmnet","auc",0.538194444444444
"374","openml_dataset_23381","random","classif.glmnet","f1",0.375
"375","openml_dataset_23381","random","classif.kknn","auc",0.489366319444444
"376","openml_dataset_23381","random","classif.kknn","f1",0.358208955223881
"377","openml_dataset_23381","random","classif.ranger","auc",0.519097222222222
"378","openml_dataset_23381","random","classif.ranger","f1",0.262295081967213
"379","openml_dataset_23381","random","classif.xgboost","auc",0.554036458333333
"380","openml_dataset_23381","random","classif.xgboost","f1",0.382352941176471
"381","openml_dataset_27","random","classif.rpart","auc",0.865909090909091
"382","openml_dataset_27","random","classif.rpart","f1",0.898876404494382
"383","openml_dataset_27","random","classif.glmnet","auc",0.893560606060606
"384","openml_dataset_27","random","classif.glmnet","f1",0.86046511627907
"385","openml_dataset_27","random","classif.kknn","auc",0.839393939393939
"386","openml_dataset_27","random","classif.kknn","f1",0.837209302325581
"387","openml_dataset_27","random","classif.ranger","auc",0.921969696969697
"388","openml_dataset_27","random","classif.ranger","f1",0.869565217391304
"389","openml_dataset_27","random","classif.xgboost","auc",0.8625
"390","openml_dataset_27","random","classif.xgboost","f1",0.898876404494382
"391","openml_dataset_29","random","classif.rpart","auc",0.918376068376068
"392","openml_dataset_29","random","classif.rpart","f1",0.849557522123894
"393","openml_dataset_29","random","classif.glmnet","auc",0.909188034188034
"394","openml_dataset_29","random","classif.glmnet","f1",0.861788617886179
"395","openml_dataset_29","random","classif.kknn","auc",0.886217948717949
"396","openml_dataset_29","random","classif.kknn","f1",0.786324786324786
"397","openml_dataset_29","random","classif.ranger","auc",0.963034188034188
"398","openml_dataset_29","random","classif.ranger","f1",0.864864864864865
"399","openml_dataset_29","random","classif.xgboost","auc",0.933653846153846
"400","openml_dataset_29","random","classif.xgboost","f1",0.811320754716981
"401","openml_dataset_38","random","classif.rpart","auc",0.968231194916991
"402","openml_dataset_38","random","classif.rpart","f1",0.871794871794872
"403","openml_dataset_38","random","classif.glmnet","auc",0.937657990025278
"404","openml_dataset_38","random","classif.glmnet","f1",0.421052631578947
"405","openml_dataset_38","random","classif.kknn","auc",0.9230887476942
"406","openml_dataset_38","random","classif.kknn","f1",0.516129032258065
"407","openml_dataset_38","random","classif.ranger","auc",0.997540479606477
"408","openml_dataset_38","random","classif.ranger","f1",0.886075949367089
"409","openml_dataset_38","random","classif.xgboost","auc",0.987958598073376
"410","openml_dataset_38","random","classif.xgboost","f1",0.795180722891566
"411","openml_dataset_4","random","classif.rpart","auc",0.75
"412","openml_dataset_4","random","classif.rpart","f1",0.888888888888889
"413","openml_dataset_4","random","classif.glmnet","auc",0.859375
"414","openml_dataset_4","random","classif.glmnet","f1",0.8
"415","openml_dataset_4","random","classif.kknn","auc",0.96875
"416","openml_dataset_4","random","classif.kknn","f1",0.769230769230769
"417","openml_dataset_4","random","classif.ranger","auc",1
"418","openml_dataset_4","random","classif.ranger","f1",1
"419","openml_dataset_4","random","classif.xgboost","auc",0.796875
"420","openml_dataset_4","random","classif.xgboost","f1",0.823529411764706
"421","openml_dataset_40536","random","classif.rpart","auc",1
"422","openml_dataset_40536","random","classif.rpart","f1",1
"423","openml_dataset_40536","random","classif.glmnet","auc",1
"424","openml_dataset_40536","random","classif.glmnet","f1",1
"425","openml_dataset_40536","random","classif.kknn","auc",0.773591639377814
"426","openml_dataset_40536","random","classif.kknn","f1",0.456375838926175
"427","openml_dataset_40536","random","classif.ranger","auc",1
"428","openml_dataset_40536","random","classif.ranger","f1",0.989169675090253
"429","openml_dataset_40536","random","classif.xgboost","auc",1
"430","openml_dataset_40536","random","classif.xgboost","f1",1
"431","openml_dataset_55","random","classif.rpart","auc",0.6875
"432","openml_dataset_55","random","classif.rpart","f1",0.851063829787234
"433","openml_dataset_55","random","classif.glmnet","auc",0.728260869565217
"434","openml_dataset_55","random","classif.glmnet","f1",0.851851851851852
"435","openml_dataset_55","random","classif.kknn","auc",0.858695652173913
"436","openml_dataset_55","random","classif.kknn","f1",0.91304347826087
"437","openml_dataset_55","random","classif.ranger","auc",0.896739130434783
"438","openml_dataset_55","random","classif.ranger","f1",0.897959183673469
"439","openml_dataset_55","random","classif.xgboost","auc",0.853260869565217
"440","openml_dataset_55","random","classif.xgboost","f1",0.869565217391304
"441","openml_dataset_56","random","classif.rpart","auc",0.982386363636364
"442","openml_dataset_56","random","classif.rpart","f1",0.939393939393939
"443","openml_dataset_56","random","classif.glmnet","auc",0.990909090909091
"444","openml_dataset_56","random","classif.glmnet","f1",0.941176470588235
"445","openml_dataset_56","random","classif.kknn","auc",0.970738636363636
"446","openml_dataset_56","random","classif.kknn","f1",0.909090909090909
"447","openml_dataset_56","random","classif.ranger","auc",0.988068181818182
"448","openml_dataset_56","random","classif.ranger","f1",0.955223880597015
"449","openml_dataset_56","random","classif.xgboost","auc",0.984375
"450","openml_dataset_56","random","classif.xgboost","f1",0.920634920634921
"451","openml_dataset_6332","random","classif.rpart","auc",0.791055456171735
"452","openml_dataset_6332","random","classif.rpart","f1",0.782608695652174
"453","openml_dataset_6332","random","classif.glmnet","auc",0.808228980322004
"454","openml_dataset_6332","random","classif.glmnet","f1",0.811594202898551
"455","openml_dataset_6332","random","classif.kknn","auc",0.820035778175313
"456","openml_dataset_6332","random","classif.kknn","f1",0.82089552238806
"457","openml_dataset_6332","random","classif.ranger","auc",0.902683363148479
"458","openml_dataset_6332","random","classif.ranger","f1",0.848920863309353
"459","openml_dataset_6332","random","classif.xgboost","auc",0.761896243291592
"460","openml_dataset_6332","random","classif.xgboost","f1",0.805369127516779
"461","openml_dataset_944","random","classif.rpart","auc",0.893939393939394
"462","openml_dataset_944","random","classif.rpart","f1",0.857142857142857
"463","openml_dataset_944","random","classif.glmnet","auc",0.821212121212121
"464","openml_dataset_944","random","classif.glmnet","f1",0.814814814814815
"465","openml_dataset_944","random","classif.kknn","auc",0.909090909090909
"466","openml_dataset_944","random","classif.kknn","f1",0.827586206896552
"467","openml_dataset_944","random","classif.ranger","auc",0.890909090909091
"468","openml_dataset_944","random","classif.ranger","f1",0.857142857142857
"469","openml_dataset_944","random","classif.xgboost","auc",0.918181818181818
"470","openml_dataset_944","random","classif.xgboost","f1",0.814814814814815
"471","openml_dataset_1018","softImpute","classif.rpart","auc",0.5
"472","openml_dataset_1018","softImpute","classif.rpart","f1",0.967911318553092
"473","openml_dataset_1018","softImpute","classif.glmnet","auc",0.900720587429448
"474","openml_dataset_1018","softImpute","classif.glmnet","f1",0.967855055523086
"475","openml_dataset_1018","softImpute","classif.kknn","auc",0.709948490328237
"476","openml_dataset_1018","softImpute","classif.kknn","f1",0.961515689757253
"477","openml_dataset_1018","softImpute","classif.ranger","auc",0.901353498821853
"478","openml_dataset_1018","softImpute","classif.ranger","f1",0.968402574605032
"479","openml_dataset_1018","softImpute","classif.xgboost","auc",0.89207353827607
"480","openml_dataset_1018","softImpute","classif.xgboost","f1",0.965130023640662
"481","openml_dataset_1590","softImpute","classif.rpart","auc",0.849921823382928
"482","openml_dataset_1590","softImpute","classif.rpart","f1",0.614781927396187
"483","openml_dataset_1590","softImpute","classif.glmnet","auc",0.903092971657308
"484","openml_dataset_1590","softImpute","classif.glmnet","f1",0.641102756892231
"485","openml_dataset_1590","softImpute","classif.kknn","auc",0.851049810307856
"486","openml_dataset_1590","softImpute","classif.kknn","f1",0.602626123013131
"487","openml_dataset_1590","softImpute","classif.ranger","auc",0.918192551702786
"488","openml_dataset_1590","softImpute","classif.ranger","f1",0.677284979171772
"489","openml_dataset_1590","softImpute","classif.xgboost","auc",0.876233636136924
"490","openml_dataset_1590","softImpute","classif.xgboost","f1",0.618855761482675
"491","openml_dataset_27","softImpute","classif.rpart","auc",0.868939393939394
"492","openml_dataset_27","softImpute","classif.rpart","f1",0.883720930232558
"493","openml_dataset_27","softImpute","classif.glmnet","auc",0.906060606060606
"494","openml_dataset_27","softImpute","classif.glmnet","f1",0.847058823529412
"495","openml_dataset_27","softImpute","classif.kknn","auc",0.851515151515152
"496","openml_dataset_27","softImpute","classif.kknn","f1",0.813186813186813
"497","openml_dataset_27","softImpute","classif.ranger","auc",0.934090909090909
"498","openml_dataset_27","softImpute","classif.ranger","f1",0.901098901098901
"499","openml_dataset_27","softImpute","classif.xgboost","auc",0.866287878787879
"500","openml_dataset_27","softImpute","classif.xgboost","f1",0.853932584269663
"501","openml_dataset_29","softImpute","classif.rpart","auc",0.917521367521367
"502","openml_dataset_29","softImpute","classif.rpart","f1",0.849557522123894
"503","openml_dataset_29","softImpute","classif.glmnet","auc",0.913888888888889
"504","openml_dataset_29","softImpute","classif.glmnet","f1",0.861788617886179
"505","openml_dataset_29","softImpute","classif.kknn","auc",0.882051282051282
"506","openml_dataset_29","softImpute","classif.kknn","f1",0.769230769230769
"507","openml_dataset_29","softImpute","classif.ranger","auc",0.96474358974359
"508","openml_dataset_29","softImpute","classif.ranger","f1",0.857142857142857
"509","openml_dataset_29","softImpute","classif.xgboost","auc",0.935149572649573
"510","openml_dataset_29","softImpute","classif.xgboost","f1",0.811320754716981
"511","openml_dataset_38","softImpute","classif.rpart","auc",0.998906879825101
"512","openml_dataset_38","softImpute","classif.rpart","f1",0.926829268292683
"513","openml_dataset_38","softImpute","classif.glmnet","auc",0.963414634146341
"514","openml_dataset_38","softImpute","classif.glmnet","f1",0.606060606060606
"515","openml_dataset_38","softImpute","classif.kknn","auc",0.935335109653618
"516","openml_dataset_38","softImpute","classif.kknn","f1",0.626865671641791
"517","openml_dataset_38","softImpute","classif.ranger","auc",0.997847919655667
"518","openml_dataset_38","softImpute","classif.ranger","f1",0.897435897435897
"519","openml_dataset_38","softImpute","classif.xgboost","auc",0.999009359841498
"520","openml_dataset_38","softImpute","classif.xgboost","f1",0.928571428571429
"521","openml_dataset_4","softImpute","classif.rpart","auc",0.4375
"522","openml_dataset_4","softImpute","classif.rpart","f1",0.736842105263158
"523","openml_dataset_4","softImpute","classif.glmnet","auc",0.96875
"524","openml_dataset_4","softImpute","classif.glmnet","f1",0.842105263157895
"525","openml_dataset_4","softImpute","classif.kknn","auc",1
"526","openml_dataset_4","softImpute","classif.kknn","f1",0.941176470588235
"527","openml_dataset_4","softImpute","classif.ranger","auc",1
"528","openml_dataset_4","softImpute","classif.ranger","f1",0.941176470588235
"529","openml_dataset_4","softImpute","classif.xgboost","auc",0.4375
"530","openml_dataset_4","softImpute","classif.xgboost","f1",0.736842105263158
"531","openml_dataset_40536","softImpute","classif.rpart","auc",1
"532","openml_dataset_40536","softImpute","classif.rpart","f1",1
"533","openml_dataset_40536","softImpute","classif.glmnet","auc",1
"534","openml_dataset_40536","softImpute","classif.glmnet","f1",1
"535","openml_dataset_40536","softImpute","classif.kknn","auc",0.774405188293082
"536","openml_dataset_40536","softImpute","classif.kknn","f1",0.447368421052632
"537","openml_dataset_40536","softImpute","classif.ranger","auc",1
"538","openml_dataset_40536","softImpute","classif.ranger","f1",0.990990990990991
"539","openml_dataset_40536","softImpute","classif.xgboost","auc",1
"540","openml_dataset_40536","softImpute","classif.xgboost","f1",1
"541","openml_dataset_55","softImpute","classif.rpart","auc",0.627717391304348
"542","openml_dataset_55","softImpute","classif.rpart","f1",0.808510638297872
"543","openml_dataset_55","softImpute","classif.glmnet","auc",0.72554347826087
"544","openml_dataset_55","softImpute","classif.glmnet","f1",0.851851851851852
"545","openml_dataset_55","softImpute","classif.kknn","auc",0.875
"546","openml_dataset_55","softImpute","classif.kknn","f1",0.91304347826087
"547","openml_dataset_55","softImpute","classif.ranger","auc",0.875
"548","openml_dataset_55","softImpute","classif.ranger","f1",0.897959183673469
"549","openml_dataset_55","softImpute","classif.xgboost","auc",0.741847826086957
"550","openml_dataset_55","softImpute","classif.xgboost","f1",0.875
"551","openml_dataset_56","softImpute","classif.rpart","auc",0.969034090909091
"552","openml_dataset_56","softImpute","classif.rpart","f1",0.923076923076923
"553","openml_dataset_56","softImpute","classif.glmnet","auc",0.978125
"554","openml_dataset_56","softImpute","classif.glmnet","f1",0.939393939393939
"555","openml_dataset_56","softImpute","classif.kknn","auc",0.986931818181818
"556","openml_dataset_56","softImpute","classif.kknn","f1",0.909090909090909
"557","openml_dataset_56","softImpute","classif.ranger","auc",0.984659090909091
"558","openml_dataset_56","softImpute","classif.ranger","f1",0.939393939393939
"559","openml_dataset_56","softImpute","classif.xgboost","auc",0.969034090909091
"560","openml_dataset_56","softImpute","classif.xgboost","f1",0.923076923076923
"561","openml_dataset_6332","softImpute","classif.rpart","auc",0.740787119856887
"562","openml_dataset_6332","softImpute","classif.rpart","f1",0.814285714285714
"563","openml_dataset_6332","softImpute","classif.glmnet","auc",0.783184257602862
"564","openml_dataset_6332","softImpute","classif.glmnet","f1",0.755555555555556
"565","openml_dataset_6332","softImpute","classif.kknn","auc",0.820751341681574
"566","openml_dataset_6332","softImpute","classif.kknn","f1",0.823529411764706
"567","openml_dataset_6332","softImpute","classif.ranger","auc",0.912701252236136
"568","openml_dataset_6332","softImpute","classif.ranger","f1",0.869565217391304
"569","openml_dataset_6332","softImpute","classif.xgboost","auc",0.764042933810376
"570","openml_dataset_6332","softImpute","classif.xgboost","f1",0.791946308724832
"571","openml_dataset_944","softImpute","classif.rpart","auc",0.845454545454545
"572","openml_dataset_944","softImpute","classif.rpart","f1",0.787878787878788
"573","openml_dataset_944","softImpute","classif.glmnet","auc",0.821212121212121
"574","openml_dataset_944","softImpute","classif.glmnet","f1",0.814814814814815
"575","openml_dataset_944","softImpute","classif.kknn","auc",0.818181818181818
"576","openml_dataset_944","softImpute","classif.kknn","f1",0.692307692307692
"577","openml_dataset_944","softImpute","classif.ranger","auc",0.878787878787879
"578","openml_dataset_944","softImpute","classif.ranger","f1",0.814814814814815
"579","openml_dataset_944","softImpute","classif.xgboost","auc",0.9
"580","openml_dataset_944","softImpute","classif.xgboost","f1",0.785714285714286
"581","openml_dataset_1018","VIM_hotdeck","classif.rpart","auc",0.5
"582","openml_dataset_1018","VIM_hotdeck","classif.rpart","f1",0.967911318553092
"583","openml_dataset_1018","VIM_hotdeck","classif.glmnet","auc",0.895816209107348
"584","openml_dataset_1018","VIM_hotdeck","classif.glmnet","f1",0.967591240875912
"585","openml_dataset_1018","VIM_hotdeck","classif.kknn","auc",0.706304455038632
"586","openml_dataset_1018","VIM_hotdeck","classif.kknn","f1",0.962481536189069
"587","openml_dataset_1018","VIM_hotdeck","classif.ranger","auc",0.900931557893583
"588","openml_dataset_1018","VIM_hotdeck","classif.ranger","f1",0.968704299502779
"589","openml_dataset_1018","VIM_hotdeck","classif.xgboost","auc",0.887662337662338
"590","openml_dataset_1018","VIM_hotdeck","classif.xgboost","f1",0.964824120603015
"591","openml_dataset_1590","VIM_hotdeck","classif.rpart","auc",0.852580459715688
"592","openml_dataset_1590","VIM_hotdeck","classif.rpart","f1",0.633082706766917
"593","openml_dataset_1590","VIM_hotdeck","classif.glmnet","auc",0.903350247729791
"594","openml_dataset_1590","VIM_hotdeck","classif.glmnet","f1",0.638659664916229
"595","openml_dataset_1590","VIM_hotdeck","classif.kknn","auc",0.851051564064314
"596","openml_dataset_1590","VIM_hotdeck","classif.kknn","f1",0.600092038656236
"597","openml_dataset_1590","VIM_hotdeck","classif.ranger","auc",0.918242855283875
"598","openml_dataset_1590","VIM_hotdeck","classif.ranger","f1",0.678090575275398
"599","openml_dataset_1590","VIM_hotdeck","classif.xgboost","auc",0.880568162141566
"600","openml_dataset_1590","VIM_hotdeck","classif.xgboost","f1",0.637487126673532
"601","openml_dataset_188","VIM_hotdeck","classif.rpart","auc",0.868304022639984
"602","openml_dataset_188","VIM_hotdeck","classif.rpart","f1",0.803571428571428
"603","openml_dataset_188","VIM_hotdeck","classif.glmnet","auc",0.962805740853042
"604","openml_dataset_188","VIM_hotdeck","classif.glmnet","f1",0.851485148514851
"605","openml_dataset_188","VIM_hotdeck","classif.kknn","auc",0.910349706893066
"606","openml_dataset_188","VIM_hotdeck","classif.kknn","f1",0.815533980582524
"607","openml_dataset_188","VIM_hotdeck","classif.ranger","auc",0.957347887608652
"608","openml_dataset_188","VIM_hotdeck","classif.ranger","f1",0.792079207920792
"609","openml_dataset_188","VIM_hotdeck","classif.xgboost","auc",0.923590054578532
"610","openml_dataset_188","VIM_hotdeck","classif.xgboost","f1",0.770642201834862
"611","openml_dataset_23381","VIM_hotdeck","classif.rpart","auc",0.505208333333333
"612","openml_dataset_23381","VIM_hotdeck","classif.rpart","f1",0.257142857142857
"613","openml_dataset_23381","VIM_hotdeck","classif.glmnet","auc",0.527777777777778
"614","openml_dataset_23381","VIM_hotdeck","classif.glmnet","f1",NA
"615","openml_dataset_23381","VIM_hotdeck","classif.kknn","auc",0.500217013888889
"616","openml_dataset_23381","VIM_hotdeck","classif.kknn","f1",0.368421052631579
"617","openml_dataset_23381","VIM_hotdeck","classif.ranger","auc",0.510850694444444
"618","openml_dataset_23381","VIM_hotdeck","classif.ranger","f1",0.307692307692308
"619","openml_dataset_23381","VIM_hotdeck","classif.xgboost","auc",0.533854166666667
"620","openml_dataset_23381","VIM_hotdeck","classif.xgboost","f1",0.476190476190476
"621","openml_dataset_27","VIM_hotdeck","classif.rpart","auc",0.863636363636364
"622","openml_dataset_27","VIM_hotdeck","classif.rpart","f1",0.898876404494382
"623","openml_dataset_27","VIM_hotdeck","classif.glmnet","auc",0.879545454545455
"624","openml_dataset_27","VIM_hotdeck","classif.glmnet","f1",0.847058823529412
"625","openml_dataset_27","VIM_hotdeck","classif.kknn","auc",0.866287878787879
"626","openml_dataset_27","VIM_hotdeck","classif.kknn","f1",0.835164835164835
"627","openml_dataset_27","VIM_hotdeck","classif.ranger","auc",0.925
"628","openml_dataset_27","VIM_hotdeck","classif.ranger","f1",0.891304347826087
"629","openml_dataset_27","VIM_hotdeck","classif.xgboost","auc",0.913257575757576
"630","openml_dataset_27","VIM_hotdeck","classif.xgboost","f1",0.879120879120879
"631","openml_dataset_29","VIM_hotdeck","classif.rpart","auc",0.918376068376068
"632","openml_dataset_29","VIM_hotdeck","classif.rpart","f1",0.849557522123894
"633","openml_dataset_29","VIM_hotdeck","classif.glmnet","auc",0.913888888888889
"634","openml_dataset_29","VIM_hotdeck","classif.glmnet","f1",0.861788617886179
"635","openml_dataset_29","VIM_hotdeck","classif.kknn","auc",0.880555555555556
"636","openml_dataset_29","VIM_hotdeck","classif.kknn","f1",0.76271186440678
"637","openml_dataset_29","VIM_hotdeck","classif.ranger","auc",0.965811965811966
"638","openml_dataset_29","VIM_hotdeck","classif.ranger","f1",0.857142857142857
"639","openml_dataset_29","VIM_hotdeck","classif.xgboost","auc",0.933653846153846
"640","openml_dataset_29","VIM_hotdeck","classif.xgboost","f1",0.811320754716981
"641","openml_dataset_38","VIM_hotdeck","classif.rpart","auc",0.970349115255858
"642","openml_dataset_38","VIM_hotdeck","classif.rpart","f1",0.897435897435897
"643","openml_dataset_38","VIM_hotdeck","classif.glmnet","auc",0.952107672337228
"644","openml_dataset_38","VIM_hotdeck","classif.glmnet","f1",0.571428571428572
"645","openml_dataset_38","VIM_hotdeck","classif.kknn","auc",0.932516909202705
"646","openml_dataset_38","VIM_hotdeck","classif.kknn","f1",0.615384615384615
"647","openml_dataset_38","VIM_hotdeck","classif.ranger","auc",0.997642959622874
"648","openml_dataset_38","VIM_hotdeck","classif.ranger","f1",0.875
"649","openml_dataset_38","VIM_hotdeck","classif.xgboost","auc",0.991818678690989
"650","openml_dataset_38","VIM_hotdeck","classif.xgboost","f1",0.875
"651","openml_dataset_4","VIM_hotdeck","classif.rpart","auc",0.75
"652","openml_dataset_4","VIM_hotdeck","classif.rpart","f1",0.888888888888889
"653","openml_dataset_4","VIM_hotdeck","classif.glmnet","auc",1
"654","openml_dataset_4","VIM_hotdeck","classif.glmnet","f1",0.842105263157895
"655","openml_dataset_4","VIM_hotdeck","classif.kknn","auc",1
"656","openml_dataset_4","VIM_hotdeck","classif.kknn","f1",0.888888888888889
"657","openml_dataset_4","VIM_hotdeck","classif.ranger","auc",1
"658","openml_dataset_4","VIM_hotdeck","classif.ranger","f1",0.941176470588235
"659","openml_dataset_4","VIM_hotdeck","classif.xgboost","auc",0.875
"660","openml_dataset_4","VIM_hotdeck","classif.xgboost","f1",0.941176470588235
"661","openml_dataset_40536","VIM_hotdeck","classif.rpart","auc",1
"662","openml_dataset_40536","VIM_hotdeck","classif.rpart","f1",1
"663","openml_dataset_40536","VIM_hotdeck","classif.glmnet","auc",1
"664","openml_dataset_40536","VIM_hotdeck","classif.glmnet","f1",1
"665","openml_dataset_40536","VIM_hotdeck","classif.kknn","auc",0.773716997544003
"666","openml_dataset_40536","VIM_hotdeck","classif.kknn","f1",0.433035714285714
"667","openml_dataset_40536","VIM_hotdeck","classif.ranger","auc",1
"668","openml_dataset_40536","VIM_hotdeck","classif.ranger","f1",0.990990990990991
"669","openml_dataset_40536","VIM_hotdeck","classif.xgboost","auc",1
"670","openml_dataset_40536","VIM_hotdeck","classif.xgboost","f1",1
"671","openml_dataset_55","VIM_hotdeck","classif.rpart","auc",0.519021739130435
"672","openml_dataset_55","VIM_hotdeck","classif.rpart","f1",0.823529411764706
"673","openml_dataset_55","VIM_hotdeck","classif.glmnet","auc",0.831521739130435
"674","openml_dataset_55","VIM_hotdeck","classif.glmnet","f1",0.884615384615385
"675","openml_dataset_55","VIM_hotdeck","classif.kknn","auc",0.842391304347826
"676","openml_dataset_55","VIM_hotdeck","classif.kknn","f1",0.893617021276596
"677","openml_dataset_55","VIM_hotdeck","classif.ranger","auc",0.907608695652174
"678","openml_dataset_55","VIM_hotdeck","classif.ranger","f1",0.916666666666667
"679","openml_dataset_55","VIM_hotdeck","classif.xgboost","auc",0.796195652173913
"680","openml_dataset_55","VIM_hotdeck","classif.xgboost","f1",0.857142857142857
"681","openml_dataset_56","VIM_hotdeck","classif.rpart","auc",0.984090909090909
"682","openml_dataset_56","VIM_hotdeck","classif.rpart","f1",0.939393939393939
"683","openml_dataset_56","VIM_hotdeck","classif.glmnet","auc",0.991761363636364
"684","openml_dataset_56","VIM_hotdeck","classif.glmnet","f1",0.941176470588235
"685","openml_dataset_56","VIM_hotdeck","classif.kknn","auc",0.975568181818182
"686","openml_dataset_56","VIM_hotdeck","classif.kknn","f1",0.909090909090909
"687","openml_dataset_56","VIM_hotdeck","classif.ranger","auc",0.990340909090909
"688","openml_dataset_56","VIM_hotdeck","classif.ranger","f1",0.955223880597015
"689","openml_dataset_56","VIM_hotdeck","classif.xgboost","auc",0.985795454545455
"690","openml_dataset_56","VIM_hotdeck","classif.xgboost","f1",0.953846153846154
"691","openml_dataset_6332","VIM_hotdeck","classif.rpart","auc",0.745796064400716
"692","openml_dataset_6332","VIM_hotdeck","classif.rpart","f1",0.742424242424242
"693","openml_dataset_6332","VIM_hotdeck","classif.glmnet","auc",0.777817531305903
"694","openml_dataset_6332","VIM_hotdeck","classif.glmnet","f1",0.780141843971631
"695","openml_dataset_6332","VIM_hotdeck","classif.kknn","auc",0.776565295169946
"696","openml_dataset_6332","VIM_hotdeck","classif.kknn","f1",0.776978417266187
"697","openml_dataset_6332","VIM_hotdeck","classif.ranger","auc",0.884078711985689
"698","openml_dataset_6332","VIM_hotdeck","classif.ranger","f1",0.834532374100719
"699","openml_dataset_6332","VIM_hotdeck","classif.xgboost","auc",0.743291592128801
"700","openml_dataset_6332","VIM_hotdeck","classif.xgboost","f1",0.761194029850746
"701","openml_dataset_944","VIM_hotdeck","classif.rpart","auc",0.893939393939394
"702","openml_dataset_944","VIM_hotdeck","classif.rpart","f1",0.857142857142857
"703","openml_dataset_944","VIM_hotdeck","classif.glmnet","auc",0.821212121212121
"704","openml_dataset_944","VIM_hotdeck","classif.glmnet","f1",0.814814814814815
"705","openml_dataset_944","VIM_hotdeck","classif.kknn","auc",0.787878787878788
"706","openml_dataset_944","VIM_hotdeck","classif.kknn","f1",0.758620689655172
"707","openml_dataset_944","VIM_hotdeck","classif.ranger","auc",0.854545454545454
"708","openml_dataset_944","VIM_hotdeck","classif.ranger","f1",0.814814814814815
"709","openml_dataset_944","VIM_hotdeck","classif.xgboost","auc",0.906060606060606
"710","openml_dataset_944","VIM_hotdeck","classif.xgboost","f1",0.857142857142857
"711","openml_dataset_1018","VIM_kknn","classif.rpart","auc",0.5
"712","openml_dataset_1018","VIM_kknn","classif.rpart","f1",0.967911318553092
"713","openml_dataset_1018","VIM_kknn","classif.glmnet","auc",0.895854567373555
"714","openml_dataset_1018","VIM_kknn","classif.glmnet","f1",0.967591240875912
"715","openml_dataset_1018","VIM_kknn","classif.kknn","auc",0.711915721409392
"716","openml_dataset_1018","VIM_kknn","classif.kknn","f1",0.961015948021264
"717","openml_dataset_1018","VIM_kknn","classif.ranger","auc",0.900241109101869
"718","openml_dataset_1018","VIM_kknn","classif.ranger","f1",0.967836257309942
"719","openml_dataset_1018","VIM_kknn","classif.xgboost","auc",0.884947120390158
"720","openml_dataset_1018","VIM_kknn","classif.xgboost","f1",0.967343336275375
"721","openml_dataset_1590","VIM_kknn","classif.rpart","auc",0.852771502252583
"722","openml_dataset_1590","VIM_kknn","classif.rpart","f1",0.634281399446262
"723","openml_dataset_1590","VIM_kknn","classif.glmnet","auc",0.903909549893728
"724","openml_dataset_1590","VIM_kknn","classif.glmnet","f1",0.63968015992004
"725","openml_dataset_1590","VIM_kknn","classif.kknn","auc",0.852494613337037
"726","openml_dataset_1590","VIM_kknn","classif.kknn","f1",0.601991201667053
"727","openml_dataset_1590","VIM_kknn","classif.ranger","auc",0.918291989693992
"728","openml_dataset_1590","VIM_kknn","classif.ranger","f1",0.678930586215354
"729","openml_dataset_1590","VIM_kknn","classif.xgboost","auc",0.880830582566328
"730","openml_dataset_1590","VIM_kknn","classif.xgboost","f1",0.638738039824153
"731","openml_dataset_188","VIM_kknn","classif.rpart","auc",0.906306852637962
"732","openml_dataset_188","VIM_kknn","classif.rpart","f1",0.818181818181818
"733","openml_dataset_188","VIM_kknn","classif.glmnet","auc",0.960986456438245
"734","openml_dataset_188","VIM_kknn","classif.glmnet","f1",0.823529411764706
"735","openml_dataset_188","VIM_kknn","classif.kknn","auc",0.906306852637962
"736","openml_dataset_188","VIM_kknn","classif.kknn","f1",0.803921568627451
"737","openml_dataset_188","VIM_kknn","classif.ranger","auc",0.958358601172428
"738","openml_dataset_188","VIM_kknn","classif.ranger","f1",0.8
"739","openml_dataset_188","VIM_kknn","classif.xgboost","auc",0.923590054578532
"740","openml_dataset_188","VIM_kknn","classif.xgboost","f1",0.761904761904762
"741","openml_dataset_23381","VIM_kknn","classif.rpart","auc",0.515190972222222
"742","openml_dataset_23381","VIM_kknn","classif.rpart","f1",0.277777777777778
"743","openml_dataset_23381","VIM_kknn","classif.glmnet","auc",0.541666666666667
"744","openml_dataset_23381","VIM_kknn","classif.glmnet","f1",NA
"745","openml_dataset_23381","VIM_kknn","classif.kknn","auc",0.483506944444444
"746","openml_dataset_23381","VIM_kknn","classif.kknn","f1",0.347826086956522
"747","openml_dataset_23381","VIM_kknn","classif.ranger","auc",0.513454861111111
"748","openml_dataset_23381","VIM_kknn","classif.ranger","f1",0.229508196721311
"749","openml_dataset_23381","VIM_kknn","classif.xgboost","auc",0.577473958333333
"750","openml_dataset_23381","VIM_kknn","classif.xgboost","f1",0.417910447761194
"751","openml_dataset_27","VIM_kknn","classif.rpart","auc",0.870833333333333
"752","openml_dataset_27","VIM_kknn","classif.rpart","f1",0.896551724137931
"753","openml_dataset_27","VIM_kknn","classif.glmnet","auc",0.911363636363636
"754","openml_dataset_27","VIM_kknn","classif.glmnet","f1",0.847058823529412
"755","openml_dataset_27","VIM_kknn","classif.kknn","auc",0.913257575757576
"756","openml_dataset_27","VIM_kknn","classif.kknn","f1",0.840909090909091
"757","openml_dataset_27","VIM_kknn","classif.ranger","auc",0.938636363636364
"758","openml_dataset_27","VIM_kknn","classif.ranger","f1",0.857142857142857
"759","openml_dataset_27","VIM_kknn","classif.xgboost","auc",0.886363636363636
"760","openml_dataset_27","VIM_kknn","classif.xgboost","f1",0.850574712643678
"761","openml_dataset_29","VIM_kknn","classif.rpart","auc",0.918376068376068
"762","openml_dataset_29","VIM_kknn","classif.rpart","f1",0.849557522123894
"763","openml_dataset_29","VIM_kknn","classif.glmnet","auc",0.913888888888889
"764","openml_dataset_29","VIM_kknn","classif.glmnet","f1",0.861788617886179
"765","openml_dataset_29","VIM_kknn","classif.kknn","auc",0.883653846153846
"766","openml_dataset_29","VIM_kknn","classif.kknn","f1",0.769230769230769
"767","openml_dataset_29","VIM_kknn","classif.ranger","auc",0.963461538461538
"768","openml_dataset_29","VIM_kknn","classif.ranger","f1",0.857142857142857
"769","openml_dataset_29","VIM_kknn","classif.xgboost","auc",0.932051282051282
"770","openml_dataset_29","VIM_kknn","classif.xgboost","f1",0.811320754716981
"771","openml_dataset_38","VIM_kknn","classif.rpart","auc",0.973645555783289
"772","openml_dataset_38","VIM_kknn","classif.rpart","f1",0.911392405063291
"773","openml_dataset_38","VIM_kknn","classif.glmnet","auc",0.958324793331967
"774","openml_dataset_38","VIM_kknn","classif.glmnet","f1",0.626865671641791
"775","openml_dataset_38","VIM_kknn","classif.kknn","auc",0.935215549634488
"776","openml_dataset_38","VIM_kknn","classif.kknn","f1",0.666666666666667
"777","openml_dataset_38","VIM_kknn","classif.ranger","auc",0.99774543963927
"778","openml_dataset_38","VIM_kknn","classif.ranger","f1",0.875
"779","openml_dataset_38","VIM_kknn","classif.xgboost","auc",0.997403839584614
"780","openml_dataset_38","VIM_kknn","classif.xgboost","f1",0.91566265060241
"781","openml_dataset_4","VIM_kknn","classif.rpart","auc",0.75
"782","openml_dataset_4","VIM_kknn","classif.rpart","f1",0.888888888888889
"783","openml_dataset_4","VIM_kknn","classif.glmnet","auc",1
"784","openml_dataset_4","VIM_kknn","classif.glmnet","f1",0.8
"785","openml_dataset_4","VIM_kknn","classif.kknn","auc",0.875
"786","openml_dataset_4","VIM_kknn","classif.kknn","f1",0.888888888888889
"787","openml_dataset_4","VIM_kknn","classif.ranger","auc",1
"788","openml_dataset_4","VIM_kknn","classif.ranger","f1",0.842105263157895
"789","openml_dataset_4","VIM_kknn","classif.xgboost","auc",0.875
"790","openml_dataset_4","VIM_kknn","classif.xgboost","f1",0.941176470588235
"791","openml_dataset_40536","VIM_kknn","classif.rpart","auc",1
"792","openml_dataset_40536","VIM_kknn","classif.rpart","f1",1
"793","openml_dataset_40536","VIM_kknn","classif.glmnet","auc",1
"794","openml_dataset_40536","VIM_kknn","classif.glmnet","f1",1
"795","openml_dataset_40536","VIM_kknn","classif.kknn","auc",0.775786686451085
"796","openml_dataset_40536","VIM_kknn","classif.kknn","f1",0.448888888888889
"797","openml_dataset_40536","VIM_kknn","classif.ranger","auc",1
"798","openml_dataset_40536","VIM_kknn","classif.ranger","f1",0.985507246376812
"799","openml_dataset_40536","VIM_kknn","classif.xgboost","auc",1
"800","openml_dataset_40536","VIM_kknn","classif.xgboost","f1",1
"801","openml_dataset_55","VIM_kknn","classif.rpart","auc",0.728260869565217
"802","openml_dataset_55","VIM_kknn","classif.rpart","f1",0.897959183673469
"803","openml_dataset_55","VIM_kknn","classif.glmnet","auc",0.864130434782609
"804","openml_dataset_55","VIM_kknn","classif.glmnet","f1",0.867924528301887
"805","openml_dataset_55","VIM_kknn","classif.kknn","auc",0.858695652173913
"806","openml_dataset_55","VIM_kknn","classif.kknn","f1",0.91304347826087
"807","openml_dataset_55","VIM_kknn","classif.ranger","auc",0.891304347826087
"808","openml_dataset_55","VIM_kknn","classif.ranger","f1",0.916666666666667
"809","openml_dataset_55","VIM_kknn","classif.xgboost","auc",0.826086956521739
"810","openml_dataset_55","VIM_kknn","classif.xgboost","f1",0.844444444444444
"811","openml_dataset_56","VIM_kknn","classif.rpart","auc",0.984943181818182
"812","openml_dataset_56","VIM_kknn","classif.rpart","f1",0.939393939393939
"813","openml_dataset_56","VIM_kknn","classif.glmnet","auc",0.994034090909091
"814","openml_dataset_56","VIM_kknn","classif.glmnet","f1",0.941176470588235
"815","openml_dataset_56","VIM_kknn","classif.kknn","auc",0.982670454545455
"816","openml_dataset_56","VIM_kknn","classif.kknn","f1",0.892307692307692
"817","openml_dataset_56","VIM_kknn","classif.ranger","auc",0.992045454545455
"818","openml_dataset_56","VIM_kknn","classif.ranger","f1",0.955223880597015
"819","openml_dataset_56","VIM_kknn","classif.xgboost","auc",0.984943181818182
"820","openml_dataset_56","VIM_kknn","classif.xgboost","f1",0.918032786885246
"821","openml_dataset_6332","VIM_kknn","classif.rpart","auc",0.758497316636851
"822","openml_dataset_6332","VIM_kknn","classif.rpart","f1",0.796992481203007
"823","openml_dataset_6332","VIM_kknn","classif.glmnet","auc",0.796422182468694
"824","openml_dataset_6332","VIM_kknn","classif.glmnet","f1",0.811594202898551
"825","openml_dataset_6332","VIM_kknn","classif.kknn","auc",0.808228980322004
"826","openml_dataset_6332","VIM_kknn","classif.kknn","f1",0.805970149253731
"827","openml_dataset_6332","VIM_kknn","classif.ranger","auc",0.914132379248658
"828","openml_dataset_6332","VIM_kknn","classif.ranger","f1",0.869565217391304
"829","openml_dataset_6332","VIM_kknn","classif.xgboost","auc",0.754203935599284
"830","openml_dataset_6332","VIM_kknn","classif.xgboost","f1",0.775193798449613
"831","openml_dataset_944","VIM_kknn","classif.rpart","auc",0.893939393939394
"832","openml_dataset_944","VIM_kknn","classif.rpart","f1",0.857142857142857
"833","openml_dataset_944","VIM_kknn","classif.glmnet","auc",0.821212121212121
"834","openml_dataset_944","VIM_kknn","classif.glmnet","f1",0.814814814814815
"835","openml_dataset_944","VIM_kknn","classif.kknn","auc",0.824242424242424
"836","openml_dataset_944","VIM_kknn","classif.kknn","f1",0.814814814814815
"837","openml_dataset_944","VIM_kknn","classif.ranger","auc",0.884848484848485
"838","openml_dataset_944","VIM_kknn","classif.ranger","f1",0.814814814814815
"839","openml_dataset_944","VIM_kknn","classif.xgboost","auc",0.918181818181818
"840","openml_dataset_944","VIM_kknn","classif.xgboost","f1",0.814814814814815
